project,android,angular,ansible,ansible-playbook,apache,cargo,circleci,cypress,django,docker,docker-compose,elasticsearch,flutter,github-action,gradle,gradle-wrapper,hadoop-hbase,heroku,kafka,kubernetes,maven,maven-wrapper,mongodb,mysql,netlify,nginx,nodejs,poetry,postgresql,redis,spring,travis,tsconfig,zookeeper
AdGuardHome,0,0,0,0,0,0,0,0,0,9,0,0,0,61,0,0,0,0,0,0,0,0,0,0,0,0,111,0,0,0,0,0,0,0
croc,0,0,0,0,0,0,0,0,0,8,0,0,0,48,0,0,0,0,0,0,0,0,0,0,0,0,0,0,0,0,0,6,0,0
haystack,0,0,0,0,0,0,0,0,0,0,0,0,0,201,0,0,0,0,0,0,0,0,0,0,0,0,0,75,0,0,0,0,0,0
subql,0,0,0,0,0,0,0,0,0,9,13,0,0,249,0,0,0,0,0,0,0,0,0,0,0,0,243,0,0,0,0,0,51,0
termux-app,63,0,0,0,0,0,0,0,0,0,0,0,0,36,0,5,0,0,0,0,0,0,0,0,0,0,0,0,0,0,0,0,0,0
immutable-js,0,0,0,0,0,0,0,0,0,0,0,0,0,86,0,0,0,0,0,0,0,0,0,0,0,0,115,0,0,0,0,0,33,0
syncthing,0,0,0,0,0,0,0,0,0,9,0,0,0,0,0,0,0,0,0,0,0,0,0,0,0,0,0,0,0,0,0,0,0,0
bevy,13,0,0,0,0,1942,0,0,0,0,0,0,0,521,3,5,0,0,0,0,0,0,0,0,0,0,15,0,0,0,0,0,0,0
redis,0,0,0,0,0,0,0,0,0,0,0,0,0,467,0,0,0,0,0,0,0,0,0,0,0,0,0,0,0,72,0,31,0,0
OSX-KVM,0,0,0,0,0,0,0,0,0,0,0,0,0,0,0,0,0,0,0,0,0,0,0,0,0,0,0,0,0,0,0,0,0,0
superset,0,0,0,0,0,0,0,0,0,9,282,0,0,833,0,0,0,0,0,1,0,0,0,0,0,21,627,148,0,0,0,0,32,0
gpt4free,0,0,0,0,0,0,0,0,0,9,26,0,0,53,0,0,0,0,0,0,0,0,0,0,0,0,9,0,0,0,0,0,0,0
vue-pure-admin,0,0,0,0,0,0,0,0,0,6,0,0,0,32,0,0,0,0,0,0,0,0,0,0,0,0,170,0,0,0,0,0,37,0
mongo,0,0,0,0,0,0,0,0,7,9,19,0,0,35,0,0,0,0,0,0,0,0,7,0,0,0,12,197,0,0,0,8,0,0
node,0,0,0,0,0,10,0,0,0,7,58,0,0,714,0,0,0,0,0,0,0,0,0,0,0,0,1330,27,0,0,0,37,141,0
typescript-go,0,0,0,0,0,0,0,0,0,0,0,0,0,119,0,0,0,0,0,0,0,0,0,0,0,0,112,0,0,0,0,0,26,0
spdlog,0,0,0,0,0,0,0,0,0,0,0,0,0,39,0,0,0,0,0,0,0,0,0,0,0,0,0,0,0,0,0,0,0,0
MoneyPrinterTurbo,0,0,0,0,0,0,0,0,0,7,20,0,0,0,0,0,0,0,0,0,0,0,0,0,0,0,0,0,0,0,0,0,0,0
layui,0,0,0,0,0,0,0,0,0,0,0,0,0,58,0,0,0,0,0,0,0,0,0,0,0,0,27,0,0,0,0,0,0,0
shardeum,0,0,0,0,0,0,0,0,0,7,0,0,0,50,0,0,0,0,0,0,0,0,0,0,0,0,135,0,0,0,0,0,21,0
egg,0,0,0,0,0,0,0,0,0,0,0,0,0,37,0,0,0,0,0,0,0,0,0,0,0,0,115,0,0,0,0,0,23,0
uBlock,0,0,0,0,0,0,0,0,0,0,0,0,0,19,0,0,0,0,0,0,0,0,0,0,0,0,22,0,0,0,0,0,0,0
caddy,0,0,0,0,0,0,0,0,0,0,0,0,0,160,0,0,0,0,0,0,0,0,0,0,0,0,0,0,0,0,0,0,0,0
halo,0,0,0,0,0,0,0,0,0,8,0,0,0,0,2,7,0,0,0,0,0,0,0,0,0,0,254,0,0,0,0,0,21,0
atuin,0,0,0,0,0,230,0,0,0,7,17,0,0,173,0,0,0,0,0,0,0,0,0,0,0,0,0,0,0,0,0,0,0,0
swoole-src,0,0,0,0,0,0,0,0,0,5,47,0,0,100,0,0,0,0,0,0,0,0,0,0,0,0,0,0,0,0,0,0,0,0
jenkins,0,0,0,0,0,0,0,0,0,3,0,0,0,154,0,0,0,0,0,0,701,0,0,0,0,0,54,0,0,0,0,0,0,0
goreplay,0,0,0,0,0,0,0,0,0,5,0,0,0,18,0,0,0,0,0,9,0,0,0,0,0,0,6,0,0,0,0,0,0,0
nuxt,0,0,0,11,0,0,0,0,0,2,0,0,0,321,0,0,0,0,0,0,0,0,0,0,0,0,340,0,0,0,0,0,1,0
mlx,0,0,0,0,0,0,147,0,0,0,0,0,0,6,0,0,0,0,0,0,0,0,0,0,0,0,0,2,0,0,0,0,0,0
swift,0,0,0,0,0,0,0,0,0,0,0,0,0,0,0,0,0,0,0,0,0,0,0,0,0,0,0,0,0,0,0,0,0,0
v2rayNG,69,0,0,0,0,0,0,0,0,0,0,0,0,34,5,5,0,0,0,0,0,0,0,0,0,0,0,0,0,0,0,0,0,0
grapesjs,0,0,0,0,0,0,0,0,0,0,0,0,0,27,0,0,0,0,0,0,0,0,0,0,0,0,146,0,0,0,0,0,30,0
eladmin,0,0,0,0,0,0,0,0,0,0,0,0,0,0,0,0,0,0,0,0,174,0,0,0,0,0,0,0,0,0,89,0,0,0
faiss,0,0,0,0,0,0,0,0,0,2,0,0,0,284,0,0,0,0,0,0,0,0,0,0,0,0,0,0,0,0,0,0,0,0
desktop,0,0,0,0,0,6,0,0,0,0,0,0,0,399,0,0,0,0,0,0,0,0,0,0,0,0,50,4,0,0,0,0,0,0
modular,0,0,0,0,0,0,0,0,0,0,0,0,0,43,0,0,0,0,0,1,0,0,0,0,0,0,2,70,0,0,0,0,0,0
storybook,0,29,0,0,0,0,398,0,0,0,0,0,0,239,0,0,0,0,0,0,0,0,0,0,0,0,851,0,0,0,0,0,72,0
commitlint,0,0,0,0,0,0,0,0,0,0,0,0,0,68,0,0,0,0,0,0,0,0,0,0,0,0,192,0,0,0,0,0,16,0
turborepo,0,94,0,0,0,503,0,0,0,8,26,0,0,278,0,0,0,0,0,0,0,0,0,0,0,0,663,0,0,0,0,0,74,0
aseprite,0,0,0,0,0,0,0,0,0,0,0,0,0,65,0,0,0,0,0,0,0,0,0,0,0,0,15,0,0,0,0,0,0,0
voice-changer,0,0,0,0,0,0,0,0,0,8,0,0,0,12,0,0,0,0,0,0,0,0,0,0,0,0,106,0,0,0,0,0,0,0
dotenv,0,0,0,0,0,0,0,0,0,0,0,0,0,10,0,0,0,0,0,0,0,0,0,0,0,0,36,0,0,0,0,0,0,0
PHPMailer,0,0,0,0,0,0,0,0,0,4,0,0,0,20,0,0,0,0,0,0,0,0,0,0,0,0,0,0,0,0,0,0,0,0
agno,0,0,0,0,0,0,0,0,1,0,7,0,0,69,0,0,0,0,0,0,0,0,0,0,0,0,0,115,0,0,0,0,0,0
recommenders,0,0,0,0,0,0,0,0,0,9,0,0,0,87,0,0,0,0,0,0,0,0,0,0,0,0,0,4,0,0,0,0,0,0
micro,0,0,0,0,0,0,0,0,0,0,0,0,0,0,0,0,0,0,0,0,0,0,0,0,0,0,0,0,0,0,0,0,0,0
unocss,0,30,0,0,0,0,0,0,0,0,0,0,0,59,0,0,0,0,0,0,0,0,0,0,9,0,513,0,0,0,0,0,135,0
spleeter,0,0,0,0,0,0,0,0,0,0,0,0,0,56,0,0,0,0,0,0,0,0,0,0,0,0,0,36,0,0,0,0,0,0
keepassxc,0,0,0,0,0,0,0,0,0,0,0,0,0,26,0,0,0,0,0,0,0,0,0,0,0,0,0,0,0,0,0,0,0,0
gitea,0,0,0,0,0,0,0,0,0,10,0,0,0,266,0,0,0,0,0,0,0,0,0,0,0,0,126,6,0,0,0,0,0,0
harbor,0,82,0,0,0,0,0,0,0,12,0,0,0,137,0,0,0,0,0,0,0,0,0,0,0,0,93,0,0,53,0,0,15,0
vue-admin-better,0,0,0,0,0,0,0,0,0,0,0,0,0,0,0,0,0,0,0,0,0,0,0,0,0,0,66,0,0,0,0,0,0,0
table,0,251,0,0,0,0,0,0,0,0,0,0,0,41,0,0,0,0,0,0,0,0,0,0,0,0,199,0,0,0,0,0,49,0
echarts,0,0,0,0,0,0,0,0,0,0,0,0,0,134,0,0,0,0,0,0,0,0,0,0,0,0,198,0,0,0,0,0,0,0
dspy,0,0,0,0,0,0,0,0,1,0,0,0,0,63,0,0,0,0,0,0,0,0,0,0,0,0,0,40,0,0,0,0,0,0
swc,0,0,0,0,0,966,0,0,0,0,0,0,0,555,0,0,0,0,0,0,0,0,0,0,0,0,663,0,0,0,0,0,16,0
zulip,0,0,0,0,0,0,0,0,327,6,0,0,0,157,0,0,0,0,0,0,0,0,0,0,0,3,452,49,0,0,0,0,0,0
hashcat,0,0,0,0,0,0,0,0,0,0,0,0,0,73,0,0,0,0,0,0,0,0,0,0,0,0,0,0,0,0,0,5,0,0
nx,0,0,0,0,0,104,9,10,0,0,0,0,0,465,8,7,0,0,0,0,0,0,0,0,3,0,1144,0,0,0,0,0,86,0
Avalonia,5,0,0,0,0,0,0,0,0,0,0,0,0,9,0,0,0,0,0,0,0,0,0,0,0,0,29,0,0,0,0,0,24,0
paperless-ngx,0,110,0,0,0,0,0,0,260,9,27,0,0,335,0,0,0,0,0,0,0,0,0,0,0,0,71,61,0,0,0,0,0,0
github1s,0,0,0,0,0,0,0,0,0,4,0,0,0,18,0,0,0,0,0,0,0,0,0,0,0,0,303,0,0,0,0,0,33,0
next.js,0,0,0,0,0,692,0,0,0,9,0,0,0,539,0,0,0,0,0,0,0,0,0,0,0,0,2075,0,0,0,0,0,143,0
SwitchHosts,0,0,0,0,0,0,0,0,0,0,0,0,0,0,0,0,0,0,0,0,0,0,0,0,0,0,86,0,0,0,0,0,34,0
BitNet,0,0,0,0,0,0,0,0,0,0,0,0,0,0,0,0,0,0,0,0,0,0,0,0,0,0,0,0,0,0,0,0,0,0
Seal,42,0,0,0,0,0,0,0,0,0,0,0,0,35,7,5,0,0,0,0,0,0,0,0,0,0,0,0,0,0,0,0,0,0
django-rest-framework,0,0,0,0,0,0,0,0,50,0,0,0,0,32,0,0,0,0,0,0,0,0,0,0,0,0,0,0,0,0,0,0,0,0
platform,0,0,0,0,0,0,0,0,0,7,0,0,0,224,0,0,0,0,0,0,0,0,9,0,0,0,897,0,0,0,0,0,41,0
PowerToys,0,0,0,0,0,0,0,0,0,0,0,0,0,100,0,0,0,0,0,0,0,0,0,0,0,0,0,0,0,0,0,0,0,0
typst,0,0,0,0,0,396,0,0,0,6,0,0,0,122,0,0,0,0,0,0,0,0,0,0,0,0,13,0,0,0,0,0,0,0
backstage,0,0,0,86,0,0,0,0,0,10,0,0,0,472,0,0,0,0,0,16,0,0,0,0,0,0,1168,0,0,0,0,0,67,0
uWebSockets,0,0,0,0,0,0,0,0,0,0,0,0,0,38,0,0,0,0,0,0,0,0,0,0,0,0,0,0,0,0,0,0,0,0
ghostty,0,0,0,0,0,0,0,0,0,5,0,0,0,276,0,0,0,0,0,0,0,0,0,0,0,0,12,0,0,0,0,0,0,0
ink,0,0,0,0,0,0,0,0,0,0,0,0,0,0,0,0,0,0,0,0,0,0,0,0,0,0,116,0,0,0,0,0,13,0
winget-cli,0,0,0,0,0,0,0,0,0,0,0,0,0,59,0,0,0,0,0,0,0,0,0,0,0,0,0,0,0,0,0,0,0,0
slick,0,0,0,0,0,0,0,0,0,0,0,0,0,0,0,0,0,0,0,0,0,0,0,0,0,0,8,0,0,0,0,0,0,0
react-three-fiber,0,0,0,0,0,0,0,0,0,0,0,0,0,21,0,0,0,0,0,0,0,0,0,0,0,0,135,0,0,0,0,0,33,0
react,0,0,0,0,0,0,11,0,0,0,0,0,0,390,0,0,0,0,0,0,0,0,0,0,0,0,804,0,0,0,0,0,24,0
python-fire,0,0,0,0,0,0,0,0,0,0,0,0,0,14,0,0,0,0,0,0,0,0,0,0,0,0,0,0,0,0,0,0,0,0
cobra,0,0,0,0,0,0,0,0,0,0,0,0,0,8,0,0,0,0,0,0,0,0,0,0,0,0,0,0,0,0,0,0,0,0
cheerio,0,0,0,27,0,0,0,0,0,0,0,0,0,72,0,0,0,0,0,0,0,0,0,0,0,0,140,0,0,0,0,0,0,0
firecracker,0,0,0,0,0,135,0,0,0,7,0,0,0,17,0,0,0,0,0,0,0,0,0,0,0,0,0,33,0,0,0,0,0,0
textual,0,0,0,0,0,0,0,0,0,0,0,0,0,49,0,0,0,0,0,0,0,0,0,0,0,0,0,92,0,0,0,0,0,0
codemirror5,0,0,0,0,0,0,0,0,0,0,0,0,0,8,0,0,0,0,0,0,0,0,0,0,0,0,23,0,0,0,0,0,0,0
preact,0,0,0,0,0,0,0,0,0,0,0,0,0,165,0,0,0,0,0,0,0,0,0,0,0,0,202,0,0,0,0,0,9,0
react-native,21,0,0,0,0,0,0,0,0,0,0,0,0,409,17,7,0,0,0,0,0,0,0,0,0,0,420,0,0,0,0,0,11,0
gin,0,0,0,0,0,0,0,0,0,0,0,0,0,51,0,0,0,0,0,0,0,0,0,0,0,0,0,0,0,0,0,0,0,0
RxSwift,0,0,0,0,0,0,0,0,0,0,0,0,0,0,0,0,0,0,0,0,0,0,0,0,0,0,0,0,0,0,0,0,0,0
NewPipe,51,0,0,0,0,0,0,0,0,0,0,0,0,88,6,7,0,0,0,0,0,0,0,0,0,0,0,0,0,0,0,0,0,0
dive,0,0,0,0,0,0,0,0,0,5,0,0,0,0,0,0,0,0,0,0,0,0,0,0,0,0,0,0,0,0,0,0,0,0
LunarVim,0,0,0,0,0,0,0,0,0,0,0,0,0,60,0,0,0,0,0,0,0,0,0,0,0,0,0,0,0,0,0,0,0,0
pandas,0,0,0,0,0,0,0,0,0,8,0,0,0,206,0,0,0,0,0,0,0,0,0,0,0,0,0,349,0,0,0,0,0,0
wechat-app-mall,0,0,0,0,0,0,0,0,0,0,0,0,0,0,0,0,0,0,0,0,0,0,0,0,0,0,15,0,0,0,0,0,0,0
fzf,0,0,0,0,0,0,0,0,0,5,0,0,0,41,0,0,0,0,0,0,0,0,0,0,0,0,0,0,0,0,0,0,0,0
shadowsocks-android,65,0,0,0,0,0,14,0,0,0,0,0,0,0,22,7,0,0,0,0,0,0,0,0,0,0,0,0,0,0,0,5,0,0
web-check,0,0,0,0,0,0,0,0,0,7,6,0,0,87,0,0,0,0,0,0,0,0,0,0,13,0,65,0,0,0,0,0,0,0
ILSpy,0,0,0,0,0,0,0,0,0,5,0,0,0,78,0,0,0,0,0,0,0,0,0,0,0,0,3,0,0,0,0,0,0,0
headscale,0,0,0,0,0,0,0,0,0,0,0,0,0,99,0,0,0,0,0,0,0,0,0,0,0,0,0,0,0,0,0,0,0,0
cilium,0,0,0,0,0,0,0,0,0,10,0,0,0,0,0,0,0,0,0,86,0,0,0,0,4,0,0,0,0,0,0,45,0,0
etcd,0,0,0,0,0,0,0,0,0,6,0,0,0,29,0,0,0,0,0,0,0,0,0,0,0,0,0,0,0,0,0,0,0,0
jq,0,0,0,21,0,0,0,0,0,6,0,0,0,150,0,0,0,0,0,0,0,0,0,0,0,0,0,0,0,0,0,0,0,0
codex,0,0,0,0,0,132,0,0,0,7,0,0,0,127,0,0,0,0,0,0,0,0,0,0,0,0,97,0,0,0,0,0,9,0
qinglong,0,0,0,0,0,0,0,0,0,9,6,0,0,92,0,0,0,0,0,0,0,0,0,0,0,28,152,0,0,0,0,0,34,0
slim,0,0,0,0,0,0,0,0,0,7,0,0,0,28,0,0,0,0,0,64,0,0,0,0,0,0,0,0,0,0,0,35,0,0
tailscale,0,0,0,0,0,0,0,0,0,6,0,0,0,128,0,0,0,0,0,12,0,0,0,0,0,0,60,0,0,0,0,0,16,0
serverless,0,0,0,0,0,0,0,0,0,0,0,0,0,31,0,0,0,0,0,0,37,0,0,0,0,0,152,0,0,0,0,0,0,0
aspnetcore,0,0,0,0,0,0,0,0,0,3,0,0,0,270,0,6,0,0,0,0,0,0,0,0,0,0,151,0,0,0,0,0,22,0
surya,0,0,0,0,0,0,0,0,0,0,0,0,0,29,0,0,0,0,0,0,0,0,0,0,0,0,0,43,0,0,0,0,0,0
jitsi-meet,54,0,0,0,0,0,0,0,0,0,0,0,0,80,12,5,0,0,0,0,0,0,0,0,0,0,248,0,0,0,0,0,0,0
chakra-ui,0,0,0,0,0,0,0,0,0,5,0,0,0,65,0,0,0,0,0,0,0,0,0,0,0,0,305,0,0,0,0,0,68,0
babel,0,0,0,0,0,0,15,0,0,0,0,0,0,474,0,0,0,0,0,0,0,0,0,0,0,0,1436,0,0,0,0,0,13,0
PhotoSwipe,0,0,0,0,0,0,0,0,0,0,0,0,0,11,0,0,0,0,0,0,0,0,0,0,0,0,81,0,0,0,0,0,0,0
duckdb,0,0,0,0,0,0,0,0,0,0,0,0,0,1361,0,0,0,0,0,0,0,0,0,0,0,0,0,21,0,0,0,0,0,0
vault,0,0,0,10,0,0,0,0,0,11,0,0,0,587,0,0,0,0,0,0,0,0,0,0,0,0,338,0,0,0,0,0,8,0
fairseq,0,0,0,0,0,0,0,0,0,0,0,0,0,72,0,0,0,0,0,0,0,0,0,0,0,0,0,6,0,0,0,0,0,0
html5-boilerplate,0,0,0,0,0,0,0,0,0,0,0,0,0,54,0,0,0,0,0,0,0,0,0,0,0,0,44,0,0,0,0,0,0,0
whisper.cpp,19,0,0,0,0,0,0,0,0,0,0,0,0,321,9,6,0,0,0,0,0,0,0,0,0,0,23,0,0,0,0,0,0,0
faas,0,0,0,0,0,0,0,0,0,9,0,0,0,38,0,0,0,0,0,0,0,0,0,0,0,0,0,0,0,0,0,12,0,0
prettier,0,0,0,0,0,0,0,0,0,0,0,0,0,105,0,0,0,0,0,0,0,0,0,0,6,0,239,0,0,0,0,0,0,0
yjs,0,0,0,0,0,0,0,0,0,0,0,0,0,10,0,0,0,0,0,0,0,0,0,0,0,0,60,0,0,0,0,0,17,0
xgboost,0,0,0,0,0,0,0,0,0,0,0,0,0,244,0,0,0,0,0,0,277,0,0,0,0,0,0,41,0,0,0,0,0,0
trix,0,0,0,0,0,0,0,0,0,0,0,0,0,23,0,0,0,0,0,0,0,0,0,0,0,0,56,0,0,0,0,0,0,0
flash-attention,0,0,0,0,0,0,0,0,0,5,0,0,0,51,0,0,0,0,0,0,0,0,0,0,0,0,0,5,0,0,0,0,0,0
umami,0,0,0,0,0,0,0,0,0,9,31,0,0,69,0,0,0,0,0,0,0,0,0,0,2,0,163,0,0,0,0,0,41,0
quivr,0,0,0,0,0,0,0,0,0,0,0,0,0,38,0,0,0,0,0,0,0,0,0,0,0,0,0,23,0,0,0,0,0,0
driver.js,0,0,0,0,0,0,0,0,0,0,0,0,0,0,0,0,0,0,0,0,0,0,0,0,0,0,52,0,0,0,0,0,27,0
spotube,37,0,0,0,0,0,0,0,0,6,0,0,158,148,3,5,0,0,0,0,0,0,0,0,0,0,62,0,0,0,0,0,0,0
gopeed,28,0,0,0,0,0,0,0,0,9,9,0,78,158,3,5,0,0,0,0,0,0,0,0,0,0,15,0,0,0,0,0,0,0
cline,0,0,0,0,0,0,0,0,0,0,0,0,0,84,0,0,0,0,0,0,0,0,0,0,0,0,291,0,0,0,0,0,47,0
strapi,0,0,0,0,0,0,0,0,0,0,19,0,0,165,0,0,0,0,0,0,0,0,0,0,0,0,631,0,0,0,0,0,59,0
semantic-release,0,0,0,0,0,0,0,0,0,0,0,0,0,31,0,0,0,0,0,0,0,0,0,0,0,0,103,0,0,0,0,0,0,0
ingress-nginx,0,0,0,16,0,0,0,0,0,10,0,0,0,39,0,0,0,0,0,69,0,0,0,0,6,5,0,0,0,0,0,0,0,0
arthas,0,0,0,0,0,0,0,0,0,5,0,0,0,65,0,0,0,0,0,0,601,3,0,0,0,0,73,0,0,0,8,0,22,0
deskflow,0,0,0,0,0,0,0,0,0,0,0,0,0,191,0,0,0,0,0,0,0,0,0,0,0,0,0,0,0,0,0,0,0,0
ohmyzsh,0,0,0,0,0,0,0,0,0,0,0,0,0,65,0,0,0,0,0,0,0,0,0,0,0,0,0,0,0,0,0,0,0,0
rocketmq,0,0,0,0,0,0,0,0,0,0,0,0,0,341,0,0,0,0,0,0,711,0,0,0,0,0,0,0,0,0,0,0,0,0
onnx,0,0,0,0,0,0,0,0,0,0,0,0,0,380,0,0,0,0,0,0,0,0,0,0,0,0,0,51,0,0,0,0,0,0
editor.js,0,0,0,0,0,0,0,0,0,0,0,0,0,99,0,0,0,0,0,0,0,0,0,0,0,0,54,0,0,0,0,0,0,0
micropython,0,0,0,0,0,0,0,0,2,0,0,0,0,242,0,0,0,0,0,0,0,0,0,0,0,0,0,32,0,0,0,0,0,0
typesense,0,0,0,0,0,0,0,0,0,6,34,0,0,0,0,0,0,0,0,0,0,0,0,0,0,0,50,0,0,0,0,0,24,0
agenticSeek,0,0,0,0,0,0,0,0,0,5,64,0,0,0,0,0,0,0,0,0,0,0,0,0,0,0,25,4,0,0,0,0,0,0
lvgl,0,0,0,0,0,0,0,0,0,0,0,0,0,266,0,0,0,0,0,0,0,0,0,0,0,0,0,0,0,0,0,0,0,0
nuclei,0,0,0,0,0,0,0,0,0,5,0,0,0,0,0,0,0,0,0,0,0,0,0,0,0,0,0,0,0,0,0,0,0,0
zoxide,0,0,0,0,0,47,0,0,0,0,0,0,0,68,0,0,0,0,0,0,0,0,0,0,0,0,0,0,0,0,0,0,0,0
elasticsearch,0,0,0,0,0,0,0,0,0,10,254,2,0,31,12,8,0,0,0,0,0,0,0,0,0,0,6,0,0,0,0,0,0,0
requests,0,0,0,0,0,0,0,0,0,0,0,0,0,75,0,0,0,0,0,0,0,0,0,0,0,0,0,7,0,0,0,0,0,0
spacedrive,0,0,0,0,0,475,0,0,0,10,0,0,0,188,0,0,0,0,0,0,0,0,0,0,0,0,372,0,0,0,0,0,68,0
shellcheck,0,0,0,0,0,0,0,0,0,7,0,0,0,45,0,0,0,0,0,0,0,0,0,0,0,0,0,0,0,0,0,0,0,0
ui,0,0,0,0,0,0,0,0,0,0,0,0,0,109,0,0,0,0,0,0,0,0,0,0,0,0,293,0,0,0,0,0,48,0
homepage,0,0,0,0,0,0,0,0,0,9,0,0,0,122,0,0,0,0,0,0,0,0,0,0,0,0,61,0,0,0,0,0,0,0
fmt,1,0,0,0,0,0,0,0,0,0,0,0,0,84,0,0,0,0,0,0,0,0,0,0,0,0,0,0,0,0,0,0,0,0
btop,0,0,0,0,0,0,0,0,0,0,0,0,0,90,0,0,0,0,0,0,0,0,0,0,0,0,0,0,0,0,0,0,0,0
puppeteer,0,0,0,0,0,0,0,0,0,5,0,0,0,453,0,0,0,0,0,0,0,0,0,0,0,0,315,0,0,0,0,0,19,0
WSL,0,0,0,0,0,0,0,0,0,0,0,0,0,39,0,0,0,0,0,0,0,0,0,0,0,0,0,0,0,0,0,0,0,0
ChromeAppHeroes,0,0,0,0,0,0,0,0,0,0,0,0,0,0,0,0,0,0,0,0,0,0,0,0,0,0,8,0,0,0,0,0,0,0
fuels-ts,0,0,0,0,0,5,0,0,0,0,0,0,0,39,0,0,0,0,0,0,0,0,0,0,0,0,305,0,0,0,0,0,38,0
QuickLook,0,0,0,0,0,0,0,0,0,0,0,0,0,27,0,0,0,0,0,0,0,0,0,0,0,0,0,0,0,0,0,0,0,0
casbin,0,0,0,0,0,0,0,0,0,0,0,0,0,44,0,0,0,0,0,0,0,0,0,0,0,0,0,0,0,0,0,5,0,0
certbot,0,0,0,0,0,0,0,0,0,8,0,0,0,15,0,0,0,0,0,0,0,0,0,0,0,6,0,81,0,0,0,0,0,0
rrweb,0,0,0,0,0,0,0,0,0,0,0,0,0,84,0,0,0,0,0,0,0,0,0,0,0,0,188,0,0,0,0,0,56,0
zstd,0,0,0,0,0,0,0,0,0,4,0,0,0,89,0,0,0,0,0,0,0,0,0,0,0,0,0,0,0,0,0,0,0,0
fd,0,0,0,0,0,55,0,0,0,0,0,0,0,66,0,0,0,0,0,0,0,0,0,0,0,0,0,0,0,0,0,0,0,0
monolog,0,0,0,0,0,0,0,0,0,0,0,0,0,69,0,0,0,0,0,0,0,0,0,0,0,0,0,0,0,0,0,0,0,0
PicGo,0,0,0,0,0,0,0,0,0,0,0,0,0,18,0,0,0,0,0,0,0,0,0,0,0,0,94,0,0,0,0,0,0,0
dify,0,0,0,0,0,0,0,0,0,9,2,0,0,218,0,0,0,0,0,0,0,0,0,0,0,0,242,21,0,0,0,0,25,0
koodo-reader,0,0,0,0,0,0,0,0,0,8,15,0,0,40,0,0,0,0,0,0,0,0,0,0,0,0,166,0,0,0,0,0,0,0
php-src,0,0,0,0,0,0,22,0,0,0,8,0,0,432,0,0,0,0,0,0,0,0,0,0,0,0,0,0,0,0,0,0,0,0
gogs,0,0,0,0,0,0,0,0,0,8,0,0,0,189,0,0,0,0,0,0,0,0,0,0,0,0,0,0,0,0,0,3,0,0
linux-command,0,0,0,0,0,0,0,0,0,2,0,0,0,40,0,0,0,0,0,0,0,0,0,0,0,0,24,0,0,0,0,0,0,0
dragonfly,0,0,0,0,0,0,8,0,0,0,69,0,0,217,0,0,0,0,0,0,0,0,0,0,0,0,0,3,0,0,0,0,0,0
composio,0,0,0,0,0,0,0,0,0,6,0,0,0,148,0,0,0,0,0,0,0,0,0,0,0,0,196,24,0,0,0,0,25,0
dgraph,0,0,0,0,0,0,0,0,0,9,154,0,0,88,0,0,0,0,0,0,0,0,0,0,0,0,6,0,0,0,0,0,0,0
devise,0,0,0,0,0,0,0,0,0,0,0,0,0,0,0,0,0,0,0,0,0,0,0,0,0,0,0,0,0,0,0,0,0,0
classnames,0,0,0,0,0,0,0,0,0,0,0,0,0,39,0,0,0,0,0,0,0,0,0,0,0,0,41,0,0,0,0,0,0,0
meteor,0,0,0,0,0,0,425,0,0,0,0,0,0,66,0,0,0,0,0,0,0,0,0,0,2,0,331,0,0,0,0,15,14,0
zxing,27,0,0,0,0,0,0,0,0,0,0,0,0,11,0,0,0,0,0,0,357,0,0,0,0,0,0,0,0,0,0,0,0,0
kitty,0,0,0,0,0,0,0,0,0,0,0,0,0,83,0,0,0,0,0,0,0,0,0,0,0,0,0,29,0,0,0,0,0,0
ruby,0,0,0,0,0,40,0,0,0,3,0,0,0,626,0,0,0,0,0,0,0,0,0,0,0,0,0,0,0,0,0,28,0,0
DeepSpeech,11,0,0,0,0,0,0,0,0,0,0,0,0,14,2,5,0,0,0,0,0,0,0,0,0,0,8,0,0,0,0,0,16,0
tabler,0,0,0,0,0,0,0,0,0,6,8,0,0,77,0,0,0,0,0,0,0,0,0,0,0,0,145,0,0,0,0,0,0,0
FlClash,47,0,0,0,0,19,0,0,0,0,0,0,78,0,5,5,0,0,0,0,0,0,0,0,0,0,0,0,0,0,0,0,0,0
bokeh,0,0,0,0,0,0,0,0,1,0,0,0,0,159,0,0,0,0,0,0,0,0,0,0,0,0,67,47,0,0,0,0,51,0
beego,0,0,0,0,0,0,0,0,0,0,0,0,0,26,0,0,0,0,0,0,0,0,0,0,0,0,0,0,0,0,0,0,0,0
windows,0,0,0,0,0,0,0,0,0,9,0,0,0,58,0,0,0,0,0,0,0,0,0,0,0,0,0,0,0,0,0,0,0,0
Qwen,0,0,0,0,0,0,0,0,0,7,0,0,0,14,0,0,0,0,0,0,0,0,0,0,0,0,0,0,0,0,0,0,0,0
git-extras,0,0,0,0,0,0,0,0,0,0,0,0,0,48,0,0,0,0,0,0,0,0,0,0,0,0,0,0,0,0,0,0,0,0
fish-speech,0,0,0,0,0,0,0,0,0,0,9,0,0,45,0,0,0,0,0,0,0,0,0,0,0,0,0,9,0,0,0,0,0,0
TrafficMonitor,0,0,0,0,0,0,0,0,0,0,0,0,0,29,0,0,0,0,0,0,0,0,0,0,0,0,0,0,0,0,0,0,0,0
docs,0,0,0,0,0,0,0,0,0,7,0,0,0,0,0,0,0,0,0,0,0,0,0,0,0,0,77,0,0,0,0,0,25,0
Chart.js,0,0,0,0,0,0,0,0,0,0,0,0,0,86,0,0,0,0,0,0,0,0,0,0,0,0,117,0,0,0,0,0,0,0
immich,49,0,0,0,0,0,0,0,0,11,105,0,116,462,7,7,0,0,0,0,0,0,0,0,0,0,296,41,0,0,0,4,28,0
rollup,0,0,0,0,0,35,0,0,0,0,0,0,0,82,0,0,0,0,0,0,0,0,0,0,0,0,238,0,0,0,0,0,41,0
vuetify,0,0,0,0,0,0,0,0,0,2,3,0,0,158,0,0,0,0,0,0,0,0,0,0,0,0,308,0,0,0,0,0,0,0
sing-box,0,0,0,0,0,0,0,0,0,7,0,0,0,182,0,0,0,0,0,0,0,0,0,0,0,0,0,0,0,0,0,0,0,0
biome,0,0,0,0,0,672,0,0,0,0,0,0,0,418,0,0,0,0,0,0,0,0,0,0,0,0,101,0,0,0,0,0,28,0
v2rayN,0,0,0,0,0,0,0,0,0,0,0,0,0,33,0,0,0,0,0,0,0,0,0,0,0,0,0,0,0,0,0,0,0,0
frp,0,0,0,0,0,0,7,0,0,0,0,0,0,59,0,0,0,0,0,0,0,0,0,0,0,0,30,0,0,0,0,0,0,0
Scrapegraph-ai,0,0,0,0,0,0,0,0,0,2,6,0,0,56,0,0,0,0,0,0,0,0,0,0,0,0,0,25,0,0,0,0,0,0
the-swift-programming-language-in-chinese,0,0,0,0,0,0,0,0,0,0,0,0,0,0,0,0,0,0,0,0,0,0,0,0,0,0,7,0,0,0,0,0,0,0
Ghost,0,0,0,0,0,0,0,0,0,8,0,0,0,554,0,0,0,0,0,0,0,0,0,0,0,0,753,0,0,0,0,0,1,0
maui,24,0,0,0,0,0,0,0,0,0,0,0,0,132,3,6,0,0,0,0,0,0,0,0,0,0,0,0,0,0,0,0,0,0
xyflow,0,0,0,0,0,0,0,0,0,0,0,0,0,21,0,0,0,0,0,0,0,0,0,0,0,0,165,0,0,0,0,0,31,0
CyberChef,0,0,0,0,0,0,0,0,0,5,0,0,0,50,0,0,0,0,0,0,0,0,0,0,0,0,176,0,0,0,0,0,0,0
guzzle,0,0,0,0,0,0,0,0,0,4,0,0,0,70,0,0,0,0,0,0,0,0,0,0,0,0,0,0,0,0,0,0,0,0
ionic-framework,0,0,0,0,0,0,0,0,0,2,0,0,0,323,0,0,0,0,0,0,0,0,0,0,0,0,200,0,0,0,0,0,55,0
OpenVoice,0,0,0,0,0,0,0,0,0,0,0,0,0,0,0,0,0,0,0,0,0,0,0,0,0,0,0,0,0,0,0,0,0,0
gleam,0,0,0,0,0,124,0,0,0,0,0,0,0,0,0,0,0,0,0,0,0,0,0,0,0,0,0,0,0,0,0,0,0,0
yabai,0,0,0,0,0,0,0,0,0,0,0,0,0,0,0,0,0,0,0,0,0,0,0,0,0,0,0,0,0,0,0,0,0,0
socket.io,18,89,0,0,15,0,0,0,0,6,51,0,0,44,6,7,0,0,0,0,0,0,0,0,0,8,345,0,0,0,0,0,23,0
filament,36,0,0,0,0,0,0,0,0,8,6,0,2,1066,26,7,0,0,0,0,216,0,0,0,0,0,50,30,0,0,0,88,0,0
drawdb,0,0,0,0,0,0,0,0,0,7,0,0,0,23,0,0,0,0,0,0,0,0,0,0,0,0,55,0,0,0,0,0,0,0
Bilibili-Evolved,0,0,0,0,0,0,0,0,0,0,0,0,0,20,0,0,0,0,0,0,0,0,0,0,0,0,84,0,0,0,0,0,28,0
react-native-vector-icons,1,0,0,0,0,0,0,0,0,4,0,0,0,9,8,7,0,0,0,0,0,0,0,0,0,0,249,0,0,0,0,0,35,0
conductor,0,0,0,0,0,0,0,0,0,8,0,0,0,59,2,8,0,0,0,0,0,0,0,0,0,21,80,0,0,1,43,0,18,0
label-studio,0,0,0,0,0,0,0,0,0,11,63,0,0,1051,0,0,0,2,0,0,0,0,0,0,6,0,299,50,0,0,0,5,26,0
vueuse,0,0,0,0,0,0,0,0,0,0,0,0,0,47,0,0,0,0,0,0,0,0,0,0,8,0,215,0,0,0,0,0,52,0
gorm,0,0,0,0,0,0,0,0,0,0,0,0,0,47,0,0,0,0,0,0,0,0,0,0,0,0,0,0,0,0,0,0,0,0
ungoogled-chromium,0,0,0,0,0,0,0,0,0,0,0,0,0,37,0,0,0,0,0,0,0,0,0,0,0,0,0,0,0,0,0,0,0,0
bulma,0,0,0,0,0,0,0,0,0,0,5,0,0,8,0,0,0,0,0,0,0,0,0,0,0,0,57,0,0,0,0,7,0,0
rails,0,0,0,0,0,0,0,0,0,5,0,0,0,44,0,0,0,0,0,0,0,0,0,0,0,0,37,0,0,0,0,0,0,0
czkawka,0,0,0,0,0,136,0,0,0,3,0,0,0,150,0,0,0,0,0,0,0,0,0,0,0,0,0,0,0,0,0,0,0,0
celery,0,0,0,0,0,0,0,0,36,8,26,0,0,114,0,0,0,0,0,0,0,0,0,0,0,0,0,20,0,6,0,0,0,0
LibreChat,0,0,0,0,0,0,0,0,0,8,56,0,0,244,0,0,0,0,0,0,0,0,0,0,0,5,399,0,0,0,0,0,55,0
sanic,0,0,0,0,0,0,0,0,0,6,4,0,0,66,0,0,0,0,0,0,0,0,0,0,0,0,0,27,0,0,0,0,0,0
hey,0,0,0,0,0,0,0,0,0,0,0,0,0,6,0,0,0,0,0,0,0,0,0,0,0,0,118,0,0,0,0,0,34,0
DeepSpeed,0,0,0,0,0,0,0,0,0,4,0,0,0,82,0,0,0,0,0,0,0,0,0,0,0,0,0,0,0,0,0,0,0,0
gin-vue-admin,0,0,0,0,0,0,0,0,0,7,0,0,0,0,0,0,0,0,0,0,0,0,0,0,0,11,71,0,0,0,0,0,0,0
spaCy,0,0,0,0,0,0,0,0,0,5,0,0,0,102,0,0,0,0,0,0,0,0,0,0,13,0,58,33,0,0,0,0,20,0
axum,0,0,0,0,0,289,0,0,0,0,0,0,0,89,0,0,0,0,0,0,0,0,0,0,0,0,0,0,0,0,0,0,0,0
Sunshine,0,0,0,0,0,0,0,0,0,0,0,0,0,332,0,0,0,0,0,0,0,0,0,0,0,0,14,0,0,0,0,0,0,0
MinerU,0,0,0,0,0,0,0,0,0,8,8,0,0,83,0,0,0,0,0,0,0,0,0,0,0,0,0,36,0,0,0,0,0,0
axios,0,0,0,0,0,0,0,0,0,0,0,0,0,139,0,0,0,0,0,0,0,0,0,0,0,0,150,0,0,0,0,0,5,0
docker-elk,0,0,0,0,0,0,0,0,0,6,47,4,0,77,0,0,0,0,0,0,0,0,0,0,0,0,0,0,0,0,0,0,0,0
tauri,20,0,0,0,0,457,0,0,0,3,0,0,0,351,5,5,0,0,0,0,0,0,0,0,0,0,123,0,0,0,0,0,11,0
wagtail,0,0,0,0,0,0,44,0,0,8,0,0,0,13,0,0,0,0,0,0,0,0,0,0,0,0,126,24,0,0,0,0,0,0
shadPS4,0,0,0,0,0,0,0,0,0,0,0,0,0,164,0,0,0,0,0,0,0,0,0,0,0,0,0,0,0,0,0,0,0,0
1Panel,0,0,0,0,0,0,0,0,0,0,0,0,0,69,0,0,0,0,0,0,0,0,0,0,0,0,89,0,0,0,0,0,0,0
FiraCode,0,0,0,0,0,0,0,0,0,3,0,0,0,10,0,0,0,0,0,0,0,0,0,0,0,0,9,0,0,0,0,0,0,0
google-research,12,0,0,0,0,158,6,0,1,8,0,0,0,0,4,5,0,0,0,0,0,0,0,0,0,0,87,48,0,0,0,0,23,0
wasmer,0,0,0,0,0,817,0,0,0,4,0,0,0,138,0,0,0,0,0,0,0,0,0,0,0,0,0,0,0,0,0,0,0,0
tdesktop,0,0,0,0,0,0,0,0,0,8,0,0,0,154,0,0,0,0,0,0,0,0,0,0,0,0,0,7,0,0,0,0,0,0
tensorflow,26,0,0,0,0,0,0,0,0,6,0,0,0,286,1,5,0,0,0,0,0,0,0,0,0,0,0,0,0,0,0,0,0,0
gradio,0,0,0,0,0,0,0,0,0,0,0,0,0,307,0,0,0,0,0,0,0,0,0,0,0,0,407,50,0,0,0,0,17,0
antlr4,0,0,0,0,0,0,0,0,0,6,0,0,11,59,0,0,0,0,0,0,226,0,0,0,0,0,46,12,0,0,0,0,0,0
vnpy,0,0,0,0,0,0,0,0,0,0,0,0,0,7,0,0,0,0,0,0,0,0,0,0,0,0,0,37,0,0,0,0,0,0
phoenix,0,0,0,0,0,0,0,0,0,0,0,0,0,66,0,0,0,0,0,0,0,0,0,0,0,0,32,0,0,0,0,0,6,0
stats,0,0,0,0,0,0,0,0,0,0,0,0,0,0,0,0,0,0,0,0,0,0,0,0,0,0,0,0,0,0,0,0,0,0
vant,0,0,0,19,0,0,0,0,0,0,0,0,0,38,0,0,0,0,0,0,0,0,0,0,0,0,138,0,0,0,0,0,24,0
actual,0,0,0,0,0,0,0,0,0,4,19,0,0,315,0,0,0,0,0,0,0,0,0,0,0,0,404,0,0,0,0,0,0,0
ImHex,0,0,0,0,0,0,0,0,0,6,0,0,0,295,0,0,0,0,0,0,0,0,0,0,0,0,0,0,0,0,0,0,0,0
netbox,0,0,0,0,0,0,0,0,214,0,0,0,0,71,0,0,0,0,0,0,0,0,0,0,0,9,52,18,0,0,0,0,0,0
lossless-cut,0,0,0,0,0,0,0,0,0,0,0,0,0,34,0,0,0,0,0,0,0,0,0,0,0,0,356,0,0,0,0,0,0,0
pnpm,0,0,0,0,0,0,0,0,0,0,0,0,0,50,0,0,0,0,0,0,0,0,0,0,0,0,779,0,0,0,0,0,26,0
yolov5,0,0,0,0,0,0,0,0,0,6,0,0,0,86,0,0,0,0,0,0,0,0,0,0,0,0,0,26,0,0,0,0,0,0
Docker-OSX,0,0,0,0,0,0,0,0,0,8,12,0,0,10,0,0,0,0,0,0,0,0,0,0,0,0,0,0,0,0,0,0,0,0
taro,0,0,0,0,0,65,0,0,0,0,0,0,0,191,0,0,0,0,0,0,0,0,0,0,0,0,914,0,0,0,0,0,88,0
act,0,0,0,0,0,0,0,0,0,6,0,0,0,97,0,0,0,0,0,0,0,0,0,0,0,0,0,0,0,0,0,0,0,0
AdminLTE,0,0,0,0,0,0,0,0,0,0,0,0,0,57,0,0,0,0,0,0,0,0,0,0,0,0,79,0,0,0,0,0,2,0
swagger-ui,0,0,0,0,0,0,0,0,0,5,0,0,0,157,0,0,0,0,0,0,0,0,0,0,0,0,184,0,0,0,0,0,0,0
uikit,0,0,0,0,0,0,8,0,0,0,0,0,0,0,0,0,0,0,0,0,0,0,0,0,0,0,55,0,0,0,0,0,0,0
jan,0,0,0,0,0,52,0,0,0,0,0,0,0,291,0,0,0,0,0,0,0,0,0,0,0,0,238,0,0,0,0,0,47,0
jquery,0,0,0,0,0,0,0,0,0,0,0,0,0,85,0,0,0,0,0,0,0,0,0,0,0,0,128,0,0,0,0,0,0,0
openpilot,0,0,0,0,0,0,0,0,11,0,0,0,0,0,0,0,0,0,0,0,0,0,0,0,0,0,0,55,0,0,0,0,0,0
harness,0,0,0,0,0,0,0,0,0,9,0,0,0,20,0,0,0,0,0,0,0,0,0,0,0,0,186,0,0,0,0,0,34,0
openapi-generator,2,83,0,0,0,149,53,0,0,14,7,0,22,77,16,7,0,0,0,0,2632,2,0,0,0,0,241,66,0,0,48,22,42,0
kafka,0,0,0,0,0,0,0,0,0,10,158,0,0,409,7,8,0,0,32,0,68,0,0,0,0,0,0,0,0,0,0,0,0,0
rocksdb,0,0,0,0,0,0,0,0,0,5,0,0,0,299,0,0,0,0,0,0,57,0,0,0,0,0,0,0,0,0,0,0,0,0
jsdom,0,0,0,0,0,0,0,0,0,0,0,0,0,28,0,0,0,0,0,0,0,0,0,0,0,0,66,0,0,0,0,0,0,0
cli,0,0,0,0,0,0,0,0,0,0,0,0,0,30,0,0,0,0,0,0,0,0,0,0,0,0,0,0,0,0,0,0,0,0
element-plus,0,0,0,0,0,0,6,0,0,0,0,0,0,264,0,0,0,0,0,0,0,0,0,0,0,0,241,0,0,0,0,0,21,0
sqlitebrowser,0,0,0,0,0,0,0,0,0,0,0,0,0,117,0,0,0,0,0,0,0,0,0,0,0,0,0,0,0,0,0,0,0,0
windows95,0,0,0,0,0,0,0,0,0,4,0,0,0,43,0,0,0,0,0,0,0,0,0,0,0,0,37,0,0,0,0,0,27,0
neovim,0,0,0,0,0,0,0,0,0,0,0,0,0,224,0,0,0,0,0,0,0,0,0,0,0,0,0,0,0,0,0,0,0,0
rancher,0,0,0,0,0,0,0,0,0,8,0,0,0,296,0,0,0,0,0,1,0,0,0,0,0,0,0,0,0,0,0,0,0,0
angular-cli,0,0,0,0,0,0,0,0,0,0,0,0,0,172,0,0,0,0,0,0,0,0,0,0,0,0,324,0,0,0,0,0,57,0
hono,0,0,0,0,0,0,0,0,0,4,9,0,0,137,0,0,0,0,0,0,0,0,0,0,0,0,404,0,0,0,0,0,29,0
webtorrent,0,0,0,0,0,0,0,0,0,0,0,0,0,54,0,0,0,0,0,0,0,0,0,0,0,0,127,0,0,0,0,0,0,0
airflow,0,0,0,0,0,0,0,0,74,10,19,0,0,1491,0,0,0,0,0,1,0,0,0,0,0,0,151,525,0,0,0,0,1,0
prometheus,0,0,0,0,0,0,8,0,0,10,0,0,0,285,0,0,0,0,0,0,0,0,0,0,0,0,168,0,0,0,0,0,27,0
telescope.nvim,0,0,0,0,0,0,0,0,0,0,0,0,0,48,0,0,0,0,0,0,0,0,0,0,0,0,0,0,0,0,0,0,0,0
freqtrade,0,0,0,0,0,0,0,0,0,9,12,0,0,259,0,0,0,0,0,0,0,0,0,0,0,0,0,88,0,0,0,0,0,0
config,0,0,0,0,0,0,0,0,0,0,0,0,0,0,0,0,0,0,0,0,0,0,0,0,0,0,4,0,0,0,0,0,0,0
Rectangle,0,0,0,0,0,0,0,0,0,0,0,0,0,18,0,0,0,0,0,0,0,0,0,0,0,0,0,0,0,0,0,0,0,0
slint,0,0,0,0,0,860,0,0,0,0,0,0,0,0,0,0,0,0,0,0,0,0,0,0,0,0,207,19,0,0,0,0,49,0
draggable,0,0,0,0,0,0,0,0,0,0,0,0,0,58,0,0,0,0,0,0,0,0,0,0,0,0,110,0,0,0,0,0,15,0
kong,0,0,0,0,0,11,0,0,0,8,18,0,0,452,0,0,0,0,0,0,0,0,0,0,0,0,0,0,0,0,0,0,0,0
saleor,0,0,0,0,0,0,0,0,323,8,29,0,0,121,0,0,0,0,0,0,0,0,0,0,0,0,12,180,0,0,0,0,0,0
coc.nvim,0,0,0,0,0,0,0,0,0,0,0,0,0,52,0,0,0,0,0,0,0,0,0,0,0,0,85,0,0,0,0,0,30,0
pydantic,0,0,0,0,0,0,0,0,0,0,0,0,0,416,0,0,0,0,0,0,0,0,0,0,0,0,0,85,0,0,0,0,0,0
mjml,0,0,0,0,0,0,0,0,0,0,0,0,0,15,0,0,0,0,0,0,0,0,0,0,0,0,98,0,0,0,0,0,0,0
bruno,0,0,0,0,0,0,0,0,0,0,0,0,0,20,0,0,0,0,0,0,0,0,0,0,0,0,283,0,0,0,0,0,24,0
mkdocs-material,0,0,0,0,0,0,0,0,0,9,0,0,0,71,0,0,0,0,0,0,0,0,0,0,0,0,84,29,0,0,0,0,31,0
zig,0,0,0,0,0,0,0,0,0,0,0,0,0,0,0,0,0,0,0,0,0,0,0,0,0,0,0,0,0,0,0,0,0,0
dashy,0,0,0,20,0,0,0,0,0,8,12,0,0,225,0,0,0,0,0,0,0,0,0,0,12,6,79,0,0,0,0,0,25,0
outline,0,0,0,0,0,0,0,0,0,10,9,0,0,193,0,0,0,0,0,0,0,0,0,0,0,0,371,0,0,0,0,0,33,0
gitleaks,0,0,0,0,0,0,0,0,0,5,0,0,0,26,0,0,0,0,0,0,0,0,0,0,0,0,0,0,0,0,0,0,0,0
Jobs_Applier_AI_Agent_AIHawk,0,0,0,0,0,0,0,0,0,0,0,0,0,29,0,0,0,0,0,0,0,0,0,0,0,0,0,0,0,0,0,0,0,0
gson,0,0,0,0,0,0,0,0,0,0,0,0,0,77,0,0,0,0,0,0,289,0,0,0,0,0,0,0,0,0,0,0,0,0
calculator,0,0,0,0,0,0,0,0,0,0,0,0,0,48,0,0,0,0,0,0,0,0,0,0,0,0,0,0,0,0,0,0,0,0
mlc-llm,21,0,0,0,0,0,0,0,0,0,0,0,0,0,4,5,0,0,0,0,0,0,0,0,0,0,20,12,0,0,0,0,0,0
moby,0,0,0,0,0,0,0,0,0,12,0,0,0,499,0,0,0,0,0,0,0,0,0,0,4,0,0,0,0,0,0,46,0,0
docusaurus,0,0,0,0,0,0,0,0,0,0,0,0,0,131,0,0,0,0,0,0,0,0,0,0,15,0,447,0,0,0,0,0,38,0
void,0,0,0,0,0,97,0,0,0,5,0,0,0,10,0,0,0,0,0,0,0,0,0,0,0,0,4079,0,0,0,0,0,87,0
streamlit,0,0,0,0,0,0,0,0,0,3,0,0,0,401,0,0,0,0,0,0,0,0,0,0,0,0,270,0,0,0,0,0,50,0
filebrowser,0,0,0,0,0,0,0,0,0,8,0,0,0,19,0,0,0,0,0,0,0,0,0,0,0,0,71,0,0,0,0,0,1,0
BaseRecyclerViewAdapterHelper,11,0,0,0,0,0,13,0,0,0,0,0,0,0,6,5,0,0,0,0,0,0,0,0,0,0,0,0,0,0,0,7,0,0
ice,0,0,0,14,0,0,0,0,0,0,0,0,0,92,0,0,0,0,0,0,0,0,0,0,0,0,507,0,0,0,0,0,44,0
brew,0,0,0,0,0,0,0,0,0,7,0,0,0,399,0,0,0,0,0,0,0,0,0,0,0,0,0,0,0,0,0,0,0,0
webpack,0,0,0,0,0,0,0,0,0,0,0,0,0,23,0,0,0,0,0,0,0,0,0,0,0,0,177,0,0,0,0,0,20,0
AnotherRedisDesktopManager,0,0,0,0,0,0,0,0,0,0,0,0,0,24,0,0,0,0,0,0,0,0,0,0,0,0,149,0,0,0,0,0,0,0
slidev,0,0,0,0,0,0,0,0,0,0,0,0,0,60,0,0,0,0,0,0,0,0,0,0,9,0,369,0,0,0,0,0,48,0
tiptap,0,0,0,0,0,0,0,0,0,0,0,0,0,77,0,0,0,0,0,0,0,0,0,0,0,0,452,0,0,0,0,0,32,0
Leaflet,0,0,0,0,0,0,0,0,0,0,0,0,0,89,0,0,0,0,0,0,0,0,0,0,0,0,59,0,0,0,0,0,0,0
apollo-client,0,0,0,0,0,0,55,0,0,0,0,0,0,250,0,0,0,0,0,0,0,0,0,0,0,0,239,0,0,0,0,0,39,0
ArchiveBox,0,0,0,0,0,0,0,0,31,11,30,0,0,66,0,0,0,0,0,0,0,0,0,0,0,28,9,116,0,0,0,0,0,0
cursor-free-vip,0,0,0,0,0,0,0,0,0,0,0,0,0,86,0,0,0,0,0,0,0,0,0,0,0,0,0,0,0,0,0,0,0,0
parcel,0,0,0,0,0,115,0,0,0,0,0,0,0,167,0,0,0,0,0,0,0,0,0,0,0,0,589,0,0,0,0,0,11,0
mermaid,0,0,0,0,0,0,0,0,0,5,18,0,0,265,0,0,0,0,0,0,0,0,0,0,3,0,225,0,0,0,0,0,27,0
osquery,0,0,0,0,0,0,0,0,0,0,0,0,0,185,0,0,0,0,0,0,0,0,0,0,0,0,0,0,0,0,0,0,0,0
json-server,0,0,0,0,0,0,0,0,0,0,0,0,0,20,0,0,0,0,0,0,0,0,0,0,0,0,44,0,0,0,0,0,3,0
bit,0,0,0,0,0,0,459,0,0,4,0,0,0,0,0,0,0,0,0,0,0,0,0,0,0,0,71,0,0,0,0,0,43,0
disruptor,0,0,0,0,0,0,0,0,0,0,0,0,0,43,0,7,0,0,0,0,0,0,0,0,0,0,0,0,0,0,0,0,0,0
postiz-app,0,0,0,0,0,0,0,0,0,0,0,0,0,96,0,0,0,0,0,0,0,0,0,0,0,0,285,0,0,0,0,0,48,0
iced,0,0,0,0,0,323,0,0,0,0,0,0,0,55,0,0,0,0,0,0,0,0,0,0,0,0,0,0,0,0,0,0,0,0
crewAI,0,0,0,0,0,0,0,0,0,0,0,0,0,48,0,0,0,0,0,0,0,0,0,0,0,0,0,39,0,0,0,0,0,0
chatwoot,0,0,0,0,0,0,30,0,0,7,32,0,0,124,0,0,0,0,0,0,0,0,0,0,0,0,140,0,0,0,0,0,0,0
react-navigation,0,0,0,0,0,0,0,0,0,0,0,0,0,153,0,0,0,0,0,0,0,0,0,0,7,0,161,0,0,0,0,0,4,0
n8n,0,0,0,0,0,0,0,0,0,11,198,0,0,752,0,0,0,0,0,0,0,0,0,0,0,8,1759,9,0,0,0,0,88,0
fingerprintjs,0,0,0,0,0,0,0,0,0,0,0,0,0,56,0,0,0,0,0,0,0,0,0,0,0,0,52,0,0,0,0,0,0,0
scrapy,0,0,0,0,0,0,0,0,209,0,0,0,0,25,0,0,0,0,0,0,0,0,0,0,0,0,0,59,0,0,0,0,0,0
canal,0,0,0,0,0,0,0,0,0,8,0,0,0,0,0,0,15,0,0,0,857,1,0,0,0,0,51,0,0,0,13,10,0,0
frigate,0,0,0,0,0,0,0,0,0,12,12,0,0,181,0,0,0,0,0,0,0,0,0,0,4,157,149,2,0,0,0,0,0,0
go-micro,0,0,0,19,0,0,0,0,0,0,0,0,0,0,0,0,0,0,0,0,0,0,0,0,0,0,0,0,0,0,0,0,0,0
EasySpider,0,0,0,0,0,0,0,0,0,0,0,0,0,0,0,0,0,0,0,0,0,0,0,0,0,0,79,0,0,0,0,0,22,0
transformers,0,0,0,0,0,0,68,0,0,9,29,0,0,978,0,0,0,0,0,0,0,0,0,0,0,0,0,23,0,0,0,0,0,0
graal,0,0,0,0,0,0,0,0,0,6,0,0,0,181,0,0,0,0,0,0,566,0,0,0,0,0,0,3,0,0,0,0,0,0
portainer,0,0,0,0,0,0,0,0,0,8,8,0,0,0,0,0,0,0,0,0,0,0,0,0,0,0,230,0,0,0,0,0,0,0
linera-protocol,0,0,0,0,0,864,0,0,0,4,65,0,0,271,0,0,0,0,0,0,0,0,0,0,0,0,94,0,0,0,0,0,32,0
shap,0,0,0,0,0,0,0,0,0,0,0,0,0,99,0,0,0,0,0,0,0,0,0,0,0,0,34,54,0,0,0,0,0,0
actix-web,0,0,0,0,0,287,0,0,0,0,0,0,0,105,0,0,0,0,0,0,0,0,0,0,0,0,0,0,0,0,0,0,0,0
three.js,0,0,0,0,0,0,0,0,0,0,0,0,0,98,0,0,0,0,0,0,0,0,0,0,0,0,82,0,0,0,0,0,0,0
flow,0,0,0,0,0,0,0,0,0,0,0,0,0,0,0,0,0,0,0,0,0,0,0,0,0,0,238,0,0,0,0,0,0,0
OpenManus,0,0,0,0,0,0,0,0,0,5,0,0,0,0,0,0,0,0,0,0,0,0,0,0,0,0,12,0,0,0,0,0,0,0
spring-boot,0,0,0,0,0,0,0,0,0,0,0,0,0,244,27,7,0,0,0,0,41,0,0,0,0,0,12,0,0,0,0,0,0,0
LocalAI,0,0,0,0,0,0,0,0,0,9,27,0,0,300,0,0,0,0,0,0,0,0,0,0,2,0,12,0,0,0,0,0,0,0
PowerShell,0,0,0,0,0,0,0,0,0,3,0,0,0,214,0,0,0,0,0,0,0,0,0,0,0,0,0,0,0,0,0,0,0,0
heroui,0,0,0,0,0,0,0,0,0,0,0,0,0,14,0,0,0,0,0,0,0,0,0,0,0,0,464,0,0,0,0,0,58,0
video.js,0,0,0,0,0,0,0,0,0,0,0,0,0,80,0,0,0,0,0,0,0,0,0,0,0,0,162,0,0,0,0,0,10,0
Perplexica,0,0,0,0,0,0,0,0,0,0,0,0,0,0,0,0,0,0,0,0,0,0,0,0,0,0,59,0,0,0,0,0,22,0
keras,0,0,0,0,0,0,0,0,0,0,0,0,0,61,0,0,0,0,0,0,0,0,0,0,0,0,0,30,0,0,0,0,0,0
mimikatz,0,0,0,0,0,0,0,0,0,0,0,0,0,0,0,0,0,0,0,0,0,0,0,0,0,0,0,0,0,0,0,0,0,0
yazi,0,0,0,0,0,198,0,0,0,0,0,0,0,143,0,0,0,0,0,0,0,0,0,0,0,0,6,0,0,0,0,0,0,0
etherpad-lite,0,0,0,0,0,0,0,0,0,9,32,0,0,130,0,0,0,0,0,0,0,0,0,0,0,0,165,0,0,0,0,0,0,0
Karabiner-Elements,0,0,0,0,0,0,0,0,0,0,0,0,0,7,0,0,0,0,0,0,0,0,0,0,0,0,18,0,0,0,0,0,0,0
Bend,0,0,0,0,0,29,0,0,0,0,0,0,0,32,0,0,0,0,0,0,0,0,0,0,0,0,0,0,0,0,0,0,0,0
Aerial,0,0,0,0,0,0,0,0,0,0,0,0,0,0,0,0,0,0,0,0,0,0,0,0,0,0,0,0,0,0,0,6,0,0
colima,0,0,0,0,0,0,0,0,0,2,0,0,0,92,0,0,0,0,0,0,0,0,0,0,0,0,0,0,0,0,0,0,0,0
llvm-project,0,0,0,0,0,0,0,0,0,11,33,0,0,573,0,0,0,0,0,0,0,0,0,0,0,0,408,64,0,0,0,31,8,0
redux,0,0,0,0,0,0,0,0,0,0,0,0,0,0,0,0,0,0,0,0,0,0,0,0,10,0,135,0,0,0,0,0,27,0
sst,20,58,0,0,0,54,0,0,0,13,4,0,13,62,3,5,0,0,0,0,0,0,0,0,0,0,360,16,0,0,0,0,86,0
pyscript,0,0,0,0,0,0,0,0,0,0,0,0,0,66,0,0,0,0,0,0,0,0,0,0,0,0,80,6,0,0,0,0,8,0
rustdesk,35,0,0,0,0,275,0,0,0,8,0,0,92,510,4,5,0,0,0,0,0,0,0,0,0,0,0,0,0,0,0,5,0,0
fastify,0,0,0,9,0,0,0,0,0,0,0,0,0,315,0,0,0,0,0,0,0,0,0,0,0,0,85,0,0,0,0,0,0,0
maybe,0,0,0,0,0,0,0,0,0,10,46,0,0,89,0,0,0,0,0,0,0,0,0,0,0,0,10,0,0,0,0,0,0,0
flutter,30,0,0,0,0,0,0,0,0,0,0,0,347,95,3,5,0,0,0,0,0,0,0,0,0,0,0,0,0,0,0,0,0,0
JeecgBoot,0,0,0,0,0,0,0,0,0,9,85,0,0,0,0,0,0,0,0,0,613,0,0,0,0,0,166,0,0,0,213,0,44,0
LLaMA-Factory,0,0,0,0,0,0,0,0,0,7,17,0,0,42,0,0,0,0,0,0,0,0,0,0,0,0,0,19,0,0,0,0,0,0
minimind,0,0,0,0,0,0,0,0,0,0,0,0,0,0,0,0,0,0,0,0,0,0,0,0,0,0,0,0,0,0,0,0,0,0
lexical,0,0,0,0,0,0,0,0,0,0,0,0,0,105,0,0,0,0,0,0,0,0,0,0,0,0,1103,0,0,0,0,0,231,0
lerna,0,0,0,0,0,0,0,0,0,0,0,0,0,120,0,0,0,0,0,0,0,0,0,0,0,0,315,0,0,0,0,0,10,0
minio,0,0,0,0,0,0,0,0,0,6,0,0,0,57,0,0,0,0,0,1,0,0,0,0,0,27,4,0,0,0,0,0,0,0
LLMs-from-scratch,0,0,0,0,0,0,0,0,0,5,0,0,0,18,0,0,0,0,0,0,0,0,0,0,0,0,0,13,0,0,0,0,0,0
incubator-seata,0,0,0,0,0,0,0,0,0,5,0,0,0,98,0,0,0,0,0,0,1912,2,0,0,0,0,110,0,0,0,179,8,0,0
blueprint,0,0,0,0,0,0,130,0,0,0,0,0,0,0,0,0,0,0,0,0,0,0,0,0,0,0,271,0,0,0,0,0,0,0
vapor,0,0,0,0,0,0,0,0,0,0,0,0,0,29,0,0,0,0,0,0,0,0,0,0,0,0,0,0,0,0,0,0,0,0
magic-wormhole,0,0,0,0,0,0,0,0,0,0,0,0,0,15,0,0,0,0,0,0,0,0,0,0,0,0,0,10,0,0,0,0,0,0
components,0,247,0,0,0,0,0,0,0,0,0,0,0,199,0,0,0,0,0,0,0,0,0,0,0,0,252,0,0,0,0,0,62,0
ish,0,0,0,5,0,0,0,0,0,0,0,0,0,54,0,0,0,0,0,0,0,0,0,0,0,0,0,0,0,0,0,0,0,0
ollama,0,0,0,0,0,0,0,0,0,9,0,0,0,0,0,0,0,0,0,0,0,0,0,0,0,0,72,0,0,0,0,0,1,0
milvus,0,0,3,0,0,42,0,0,0,10,142,0,0,24,0,0,0,0,0,0,0,0,0,0,0,0,0,0,0,0,0,33,0,0
lo,0,0,0,0,0,0,0,0,0,4,5,0,0,20,0,0,0,0,0,0,0,0,0,0,0,0,0,0,0,0,0,0,0,0
loki,0,0,0,0,0,0,0,0,0,11,512,0,0,1282,0,0,0,1,17,92,0,0,0,0,8,24,0,0,0,0,0,59,0,0
novu,0,0,0,0,0,0,0,0,0,10,182,0,0,940,0,0,0,0,0,0,0,0,0,0,18,0,1112,0,0,0,0,0,80,0
nnn,0,0,0,0,0,0,19,0,0,0,0,0,0,47,0,0,0,0,0,0,0,0,0,0,0,0,0,0,0,0,0,0,0,0
dbeaver,0,0,0,0,0,0,0,0,0,0,0,0,0,33,0,0,0,0,0,0,107,0,0,0,0,0,0,0,0,0,0,0,0,0
Ventoy,0,0,0,0,0,0,0,0,0,3,4,0,0,20,0,0,0,0,0,0,0,0,0,0,0,0,0,0,0,0,0,0,0,0
laravel-debugbar,0,0,0,0,0,0,0,0,0,0,0,0,0,9,0,0,0,0,0,0,0,0,0,0,0,0,0,0,0,0,0,0,0,0
source-code-hunter,0,0,0,0,0,0,0,0,0,0,0,0,0,30,0,0,0,0,0,0,0,0,0,0,0,0,5,0,0,0,0,0,0,0
UTM,0,0,0,0,0,0,0,0,0,0,0,0,0,210,0,0,0,0,0,0,0,0,0,0,0,0,0,0,0,0,0,0,0,0
phpunit,0,0,0,0,0,0,0,0,0,0,0,0,0,0,0,0,0,0,0,0,0,0,0,0,0,0,0,0,0,0,0,0,0,0
Rocket,0,0,0,0,0,276,0,0,0,0,0,0,0,30,0,0,0,0,0,0,0,0,0,0,0,0,0,0,0,0,0,0,0,0
zustand,0,0,0,0,0,0,0,0,0,0,0,0,0,39,0,0,0,0,0,0,0,0,0,0,0,0,124,0,0,0,0,0,20,0
autogen,0,0,0,0,0,0,0,0,0,10,6,0,0,360,0,0,0,0,0,0,0,0,0,0,0,0,46,138,0,0,0,0,0,0
postgrest,0,0,0,0,0,0,0,0,0,6,0,0,0,0,0,0,0,0,0,0,0,0,0,0,0,0,0,0,0,0,0,0,0,0
llama.cpp,14,0,0,0,0,0,0,0,0,0,0,0,0,545,4,5,0,0,0,0,0,0,0,0,0,0,65,37,0,0,0,0,1,0
bagisto,0,0,0,0,0,0,0,0,0,0,60,0,0,12,0,0,0,0,0,0,0,0,0,0,0,0,26,0,0,0,0,0,0,0
query,0,441,0,0,0,0,0,0,0,0,0,0,0,52,0,0,0,0,0,0,0,0,0,0,0,0,374,0,0,0,0,0,84,0
luigi,0,0,0,0,0,0,0,0,0,0,0,0,0,68,0,0,0,0,0,0,0,0,0,0,0,0,0,41,0,0,0,0,0,0
graphrag,0,0,0,0,0,0,0,0,0,7,0,0,0,88,0,0,0,0,0,0,0,0,0,0,0,0,0,126,0,0,0,0,0,0
setup,0,0,0,0,0,0,0,0,0,0,0,0,0,6,0,0,0,0,0,0,0,0,0,0,0,0,0,0,0,0,0,0,0,0
create-t3-app,0,0,0,0,0,0,0,0,0,0,0,0,0,138,0,0,0,0,0,0,0,0,0,0,0,0,139,0,0,0,0,0,8,0
react-hook-form,0,0,0,0,0,0,0,0,0,0,0,0,0,31,0,0,0,0,0,0,0,0,0,0,0,0,116,0,0,0,0,0,36,0
TypeScript,0,0,0,0,0,0,0,0,0,0,0,0,0,208,0,0,0,0,0,0,0,0,0,0,0,0,87,0,0,0,0,0,6,0
monaco-editor,0,0,0,20,0,0,0,0,0,0,0,0,0,14,0,0,0,0,0,0,0,0,0,0,0,0,136,0,0,0,0,0,37,0
everyone-can-use-english,0,0,0,0,0,0,0,0,0,0,0,0,0,58,0,0,0,0,0,0,0,0,0,0,0,0,245,0,0,0,0,0,22,0
fasthttp,0,0,0,0,0,0,0,0,0,0,0,0,0,31,0,0,0,0,0,0,0,0,0,0,0,0,0,0,0,0,0,0,0,0
cal.com,0,0,0,0,0,0,0,0,0,8,109,0,0,588,0,0,0,0,0,0,0,0,0,0,0,0,780,0,0,0,0,0,167,0
kubernetes,0,0,0,0,0,0,0,0,0,11,0,0,0,0,0,0,0,0,0,87,0,0,0,0,0,0,0,0,0,0,0,25,0,0
Stirling-PDF,0,0,0,0,0,0,0,0,0,9,0,0,0,456,2,7,0,0,0,0,0,0,0,0,0,0,0,0,0,0,34,0,0,0
serenity,0,0,0,0,0,0,0,0,0,3,0,0,0,199,0,0,0,0,0,0,0,0,0,0,0,0,0,0,0,0,0,0,0,0
unleashed-firmware,0,0,0,0,0,0,0,0,0,4,0,0,0,47,0,0,0,0,0,0,0,0,0,0,0,0,20,0,0,0,0,0,0,0
gpt_academic,0,0,0,0,0,0,0,0,0,6,85,0,0,37,0,0,0,0,0,0,0,0,0,0,0,0,0,0,0,0,0,0,0,0
fullPage.js,0,0,0,0,0,0,0,0,0,0,0,0,0,0,0,0,0,0,0,0,0,0,0,0,0,0,51,0,0,0,0,0,0,0
toml,0,0,0,0,0,0,0,0,0,0,0,0,0,0,0,0,0,0,0,0,0,0,0,0,0,0,0,0,0,0,0,0,0,0
v86,0,0,0,0,0,17,0,0,0,8,0,0,0,43,0,0,0,0,0,0,0,0,0,0,0,0,13,0,0,0,0,0,0,0
vllm,0,0,0,0,0,0,0,0,0,8,0,0,0,60,0,0,0,0,0,0,0,0,0,0,0,0,0,56,0,0,0,0,0,0
ionicons,0,0,0,0,0,0,0,0,0,0,0,0,0,59,0,0,0,0,0,0,0,0,0,0,0,0,60,0,0,0,0,0,19,0
guidance,0,0,0,0,0,0,0,0,0,0,0,0,0,191,0,0,0,0,0,0,0,0,0,0,0,0,100,40,0,0,0,0,11,0
rust,0,0,0,0,0,1129,0,0,0,7,0,0,0,660,0,0,0,0,0,0,0,0,0,0,0,0,1017,0,0,0,0,0,10,0
react-scan,0,0,0,0,0,0,0,0,0,0,0,0,0,14,0,0,0,0,0,0,0,0,0,0,0,0,245,0,0,0,0,0,57,0
mantine,0,0,0,0,0,0,0,0,0,0,0,0,0,0,0,0,0,0,0,0,0,0,0,0,0,0,301,0,0,0,0,0,63,0
amis,0,0,0,0,0,0,0,0,0,6,0,0,0,40,0,0,0,0,0,0,0,0,0,0,0,0,391,0,0,0,0,3,71,0
ToolJet,0,0,0,0,0,0,0,0,0,0,0,0,0,795,0,0,0,0,0,58,0,0,0,0,10,0,702,0,0,0,0,0,23,0
setup-ipsec-vpn,0,0,0,0,0,0,0,0,0,0,0,0,0,21,0,0,0,0,0,0,0,0,0,0,0,0,0,0,0,0,0,0,0,0
dubbo,0,0,0,0,0,0,0,0,0,4,0,0,0,0,0,0,0,0,0,0,2455,2,0,0,0,0,0,0,0,0,22,0,0,0
joplin,35,0,0,0,0,39,0,0,0,0,54,0,0,94,7,7,0,0,0,0,0,0,0,0,0,0,759,0,0,0,0,6,16,0
srs,0,0,0,0,0,0,0,0,0,10,0,0,0,127,0,0,0,0,0,0,0,0,0,0,0,0,6,0,0,0,0,89,0,0
OpenHands,0,0,0,0,0,0,0,0,0,9,13,0,0,395,0,0,0,0,0,17,0,0,0,0,0,0,201,141,0,0,0,0,13,0
nginx,0,0,0,0,0,0,0,0,0,0,0,0,0,4,0,0,0,0,0,0,0,0,0,0,0,12,0,0,0,0,0,0,0,0
masscan,0,0,0,0,0,0,0,0,0,0,0,0,0,0,0,0,0,0,0,0,0,0,0,0,0,0,0,0,0,0,0,0,0,0
darkreader,0,0,0,0,0,0,0,0,0,0,0,0,0,18,0,0,0,0,0,0,0,0,0,0,0,0,88,0,0,0,0,0,19,0
ava,0,0,0,0,0,0,0,0,0,0,0,0,0,84,0,0,0,0,0,0,0,0,0,0,0,0,88,0,0,0,0,0,4,0
photoprism,0,0,0,0,0,0,0,0,0,11,59,0,0,12,0,0,0,0,0,0,0,0,0,5,0,0,132,0,0,0,0,0,0,0
spacemacs,0,0,0,0,0,0,10,0,0,0,0,0,0,28,0,0,0,0,0,0,0,0,0,0,0,0,0,0,0,0,0,0,0,0
bubbletea,0,0,0,0,0,0,0,0,0,0,0,0,0,57,0,0,0,0,0,0,0,0,0,0,0,0,0,0,0,0,0,0,0,0
just,0,0,0,0,0,97,0,0,0,0,0,0,0,0,0,0,0,0,0,0,0,0,0,0,0,0,0,0,0,0,0,0,0,0
discord.js,0,0,0,12,0,0,0,0,0,7,0,0,0,142,0,0,0,0,0,0,0,0,0,0,0,0,283,0,0,0,0,0,32,0
Tasmota,0,0,0,0,0,0,0,0,0,0,0,0,0,297,0,0,0,0,0,0,0,0,0,0,0,0,18,0,0,0,0,18,0,0
union,0,0,0,0,0,1114,0,0,0,0,0,0,0,210,0,0,0,0,0,0,0,0,0,0,0,0,310,0,0,0,0,0,81,0
chi,0,0,0,0,0,0,0,0,0,0,0,0,0,17,0,0,0,0,0,0,0,0,0,0,0,0,0,0,0,0,0,0,0,0
Umi-OCR,0,0,0,0,0,0,0,0,0,0,0,0,0,0,0,0,0,0,0,0,0,0,0,0,0,0,0,0,0,0,0,0,0,0
remix,0,0,0,12,0,0,0,0,0,0,0,0,0,306,0,0,0,0,0,0,0,0,0,0,0,0,386,0,0,0,0,0,37,0
Mindustry,28,0,0,0,0,0,0,0,0,0,0,0,0,30,0,5,0,0,0,0,0,0,0,0,0,0,0,0,0,0,0,0,0,0
hutool,0,0,0,0,0,0,0,0,0,0,0,0,0,0,0,0,0,0,0,0,732,0,0,0,0,0,0,0,0,0,0,8,0,0
go-zero,0,0,0,0,0,0,0,0,0,7,0,0,0,58,0,0,0,0,0,0,0,0,0,0,0,0,0,0,0,0,0,0,0,0
marked,0,0,0,0,0,0,0,0,0,0,0,0,0,0,0,0,0,0,0,0,0,0,0,0,0,0,72,0,0,0,0,0,11,0
firefly-iii,0,0,0,0,0,0,0,0,0,0,0,0,0,113,0,0,0,0,0,0,0,0,0,0,0,0,51,0,0,0,0,0,0,0
v,0,0,0,0,0,0,0,0,0,6,0,0,0,637,0,0,0,0,0,0,0,0,0,0,0,0,13,0,0,0,0,0,0,0
changedetection.io,0,0,0,0,0,0,0,0,0,8,6,0,0,66,0,0,0,0,0,0,0,0,0,0,0,0,11,0,0,0,0,0,0,0
fuel-core,0,0,0,0,0,590,0,0,0,8,7,0,0,372,0,0,0,0,0,0,0,0,0,0,0,0,0,0,0,0,0,0,0,0
CopilotKit,0,0,0,0,0,0,0,0,0,8,0,0,0,233,0,0,0,0,0,0,0,0,0,0,0,0,400,59,0,0,0,0,71,0
distroless,0,0,0,0,0,2,0,0,0,8,0,0,0,30,0,0,0,0,0,0,0,0,0,0,0,0,8,0,0,0,0,9,0,0
whisper,0,0,0,0,0,0,0,0,0,0,0,0,0,14,0,0,0,0,0,0,0,0,0,0,0,0,0,19,0,0,0,0,0,0
flux,0,0,0,0,0,0,0,0,0,0,0,0,0,0,0,0,0,0,0,0,0,0,0,0,0,0,0,40,0,0,0,0,0,0
vitess,0,0,0,0,0,0,0,0,0,12,300,0,0,233,0,0,0,0,0,0,262,0,0,0,0,0,84,0,0,0,0,0,0,8
express,0,0,0,0,0,0,0,0,0,0,0,0,0,69,0,0,0,0,0,0,0,0,0,0,0,0,61,0,0,0,0,0,0,0
HanLP,0,0,0,0,0,0,0,0,0,0,0,0,0,0,0,0,0,0,0,0,50,0,0,0,0,0,0,0,0,0,0,0,0,0
code-server,0,0,0,0,0,0,0,0,0,9,0,0,0,0,0,0,0,0,0,0,0,0,0,0,0,0,108,0,0,0,0,0,29,0
homebridge,0,0,0,0,0,0,0,0,0,0,0,0,0,39,0,0,0,0,0,0,0,0,0,0,0,0,56,0,0,0,0,0,22,0
docling,0,0,0,0,0,0,0,0,1,9,0,0,0,108,0,0,0,0,0,0,0,0,0,0,0,0,0,48,0,0,0,0,0,0
generator-jhipster,0,0,0,0,0,0,0,0,0,10,54,0,0,346,0,5,0,0,0,0,137,2,0,16,0,0,312,0,0,0,0,0,0,0
decap-cms,0,0,0,0,0,0,0,0,0,0,0,0,0,59,0,0,0,0,0,0,0,0,0,0,3,0,380,0,0,0,0,0,29,0
trufflehog,0,0,0,0,0,0,0,0,0,7,0,0,0,78,0,0,0,0,0,0,0,0,0,0,0,0,0,0,0,0,0,0,0,0
weui,0,0,0,0,0,0,0,0,0,0,0,0,0,0,0,0,0,0,0,0,0,0,0,0,0,0,34,0,0,0,0,2,0,0
x64dbg,0,0,0,0,0,0,0,0,0,0,0,0,0,26,0,0,0,0,0,0,0,0,0,0,0,0,0,0,0,0,0,0,0,0
Hyprland,0,0,0,0,0,0,0,0,0,0,0,0,0,88,0,0,0,0,0,0,0,0,0,0,0,0,0,0,0,0,0,0,0,0
yt-dlp,0,0,0,13,0,0,0,0,0,5,0,0,0,351,0,0,0,0,0,0,0,0,0,0,0,0,0,89,0,0,0,0,0,0
appium,0,0,0,0,0,0,0,0,0,0,0,0,0,103,0,0,0,0,0,0,0,0,0,0,0,0,288,0,0,0,0,0,41,0
SnapKit,0,0,0,0,0,0,0,0,0,0,0,0,0,0,0,0,0,0,0,0,0,0,0,0,0,0,0,0,0,0,0,4,0,0
elixir,0,0,0,0,0,0,0,0,0,0,0,0,0,173,0,0,0,0,0,0,0,0,0,0,0,0,0,0,0,0,0,0,0,0
kuboard-press,0,0,0,0,0,0,0,0,0,5,0,0,0,0,0,0,0,0,0,17,0,0,0,0,0,22,34,0,0,0,0,0,0,0
nginx-proxy-manager,0,0,0,0,0,0,0,0,0,9,148,0,0,13,0,0,0,0,0,0,0,0,0,0,0,33,89,0,0,0,0,0,0,0
zed,0,0,0,0,0,1543,0,0,0,0,0,0,0,521,0,0,0,0,0,0,0,0,0,0,0,0,375,4,0,0,0,0,1059,0
nocodb,0,0,0,0,0,0,0,0,0,9,143,0,0,507,0,0,0,0,0,0,0,0,0,0,0,0,489,0,5,0,0,0,57,0
nginx-proxy,0,0,0,0,0,0,0,0,0,0,6,0,0,43,0,0,0,0,0,0,0,0,0,0,0,0,0,0,0,0,0,0,0,0
MediaCrawler,0,0,0,0,0,0,0,0,0,0,0,0,0,23,0,0,0,0,0,0,0,0,0,0,0,0,4,7,0,0,0,0,0,0
sweetalert2,0,0,0,0,0,0,0,0,0,0,0,0,0,19,0,0,0,0,0,0,0,0,0,0,0,0,49,0,0,0,0,0,0,0
go,0,0,0,10,0,0,0,0,0,6,0,0,0,0,0,0,0,0,0,0,0,0,0,0,0,0,15,0,0,0,0,0,0,0
k3s,0,0,0,0,0,0,0,0,0,8,25,0,0,165,0,0,0,0,0,0,0,0,0,0,0,0,0,0,0,0,0,0,0,0
llm.c,0,0,0,0,0,0,0,0,0,0,0,0,0,49,0,0,0,0,0,0,0,0,0,0,0,0,0,0,0,0,0,0,0,0
Ehviewer_CN_SXJ,50,0,0,0,0,0,0,0,0,0,0,0,0,14,7,5,0,0,0,0,0,0,0,0,0,0,0,0,0,0,0,0,0,0
mem0,0,0,0,0,0,0,0,0,0,9,38,0,0,46,0,0,0,0,0,0,0,0,0,0,0,0,226,150,0,0,0,0,50,0
Alamofire,0,0,0,0,0,0,0,0,0,0,0,0,0,133,0,0,0,0,0,0,0,0,0,0,0,0,0,0,0,0,0,0,0,0
cloudreve,0,0,0,0,0,0,0,0,0,8,22,0,0,0,0,0,0,0,0,0,0,0,0,0,0,0,0,0,0,0,0,0,0,0
ComfyUI,0,0,0,0,0,0,0,0,0,0,0,0,0,153,0,0,0,0,0,0,0,0,0,0,0,0,0,9,0,0,0,0,0,0
jdk,0,0,0,0,0,0,0,0,0,0,0,0,0,329,0,0,0,0,0,0,273,0,0,0,0,0,0,0,0,0,0,0,0,0
nanoid,0,0,0,0,0,0,0,0,0,0,0,0,0,23,0,0,0,0,0,0,0,0,0,0,0,0,68,0,0,0,0,0,0,0
graphql-js,0,0,0,0,0,0,0,0,0,0,0,0,0,171,0,0,0,0,0,0,0,0,0,0,0,0,69,0,0,0,0,0,30,0
egui,0,0,0,0,0,565,0,0,0,0,0,0,0,185,0,0,0,0,0,0,0,0,0,0,0,0,0,0,0,0,0,0,0,0
deno,0,0,0,0,0,967,0,0,0,3,0,0,0,213,0,0,0,0,0,0,0,0,0,0,0,0,0,0,0,0,0,0,0,0
netron,0,0,0,0,0,0,0,0,0,0,0,0,0,44,0,0,0,0,0,0,0,0,0,0,0,0,34,13,0,0,0,0,0,0
redisson,0,0,0,0,0,0,0,0,0,0,0,0,0,34,0,0,0,0,0,0,1025,0,0,0,0,0,0,0,0,0,1,0,0,0
gkd,48,0,0,0,0,0,0,0,0,0,0,0,0,31,6,5,0,0,0,0,0,0,0,0,0,0,0,0,0,0,0,0,0,0
js-cookie,0,0,0,0,0,0,0,0,0,3,0,0,0,55,0,0,0,0,0,0,0,0,0,0,0,0,52,0,0,0,0,0,0,0
pytorch-lightning,0,0,0,0,0,0,0,0,0,6,0,0,0,423,0,0,0,0,0,0,0,0,0,0,0,0,0,41,0,0,0,0,0,0
starship,0,0,0,0,0,102,0,0,0,0,0,0,0,256,0,0,0,0,0,0,0,0,0,0,0,0,4,0,0,0,0,0,0,0
testify,0,0,0,0,0,0,0,0,0,0,0,0,0,17,0,0,0,0,0,0,0,0,0,0,0,0,0,0,0,0,0,0,0,0
wekan,0,0,0,0,0,0,0,0,0,9,87,0,0,31,0,0,0,0,0,0,0,0,0,0,0,39,52,0,0,0,0,11,0,0
shields,0,0,0,0,0,0,0,0,0,9,0,0,0,134,0,0,0,0,0,0,0,0,0,0,0,0,203,0,0,0,0,0,0,0
polars,0,0,0,0,0,677,0,0,0,0,0,0,0,254,0,0,0,0,0,0,0,0,0,0,0,0,0,71,0,0,0,0,0,0
localstack,0,0,0,0,0,0,0,0,0,9,7,0,0,240,0,0,0,0,0,0,0,0,0,0,0,0,0,50,0,0,0,0,0,0
mpv,0,0,0,0,0,0,0,0,0,0,0,0,0,189,0,0,0,0,0,0,0,0,0,0,0,0,0,2,0,0,0,0,0,0
kit,0,0,0,0,0,0,0,0,0,0,0,0,0,95,0,0,0,0,0,0,0,0,0,0,0,0,156,0,0,0,0,0,30,0
terraform,0,0,0,0,0,0,0,0,0,6,0,0,0,250,0,0,0,0,0,0,0,0,0,0,0,0,9,0,0,0,0,0,0,0
pingora,0,0,0,0,0,229,0,0,0,6,0,0,0,38,0,0,0,0,0,0,0,0,0,0,0,0,0,0,0,0,0,0,0,0
guava,0,0,0,0,0,0,0,0,0,0,0,0,0,71,0,0,0,0,0,0,395,5,0,0,0,0,0,0,0,0,0,0,0,0
cadvisor,0,0,0,0,0,0,0,0,0,9,0,0,0,53,0,0,0,0,0,25,0,0,0,0,0,0,0,0,0,0,0,0,0,0
opentofu,0,0,0,27,0,0,0,0,0,10,7,0,0,178,0,0,0,0,0,0,0,0,0,0,0,0,21,0,0,0,0,0,0,0
autocomplete,0,0,0,0,0,0,0,0,0,2,0,0,0,48,0,0,0,0,0,0,0,0,0,0,0,0,54,0,0,0,0,0,13,0
react-native-web,0,0,0,0,0,0,0,0,0,0,0,0,0,22,0,0,0,0,0,0,0,0,0,0,0,0,125,0,0,0,0,0,0,0
HikariCP,0,0,0,0,0,0,4,0,0,0,0,0,0,12,0,0,0,0,0,0,313,0,0,0,0,0,0,0,0,0,0,0,0,0
flask,0,0,0,0,0,0,0,0,0,0,0,0,0,0,0,0,0,0,0,0,0,0,0,0,0,0,0,87,0,0,0,0,0,0
obs-studio,0,0,0,0,0,0,0,0,0,0,0,0,0,0,0,0,0,0,0,0,0,0,0,0,0,0,5,0,0,0,0,0,0,0
kivy,0,0,0,0,0,0,0,0,0,0,0,0,0,231,0,0,0,0,0,0,0,0,0,0,0,0,0,6,0,0,0,0,0,0
jsoncrack.com,0,0,0,0,0,0,0,0,0,5,7,0,0,53,0,0,0,0,0,0,0,0,0,0,0,6,74,0,0,0,0,0,0,0
DoKit,48,0,0,0,0,0,0,0,0,0,0,0,21,0,16,5,0,0,0,0,0,0,0,0,0,0,80,0,0,0,0,0,0,0
vector,0,0,0,0,0,1155,0,0,0,9,0,0,0,1244,0,0,0,0,0,48,0,0,0,0,0,0,58,0,0,0,0,0,17,0
tinygrad,0,0,0,0,0,9,0,0,0,4,0,0,0,150,0,0,0,0,0,0,0,0,0,0,0,0,0,0,0,0,0,0,0,0
tmux,0,0,0,0,0,0,0,0,0,0,0,0,0,15,0,0,0,0,0,0,0,0,0,0,0,0,0,0,0,0,0,17,0,0
nowinandroid,29,0,0,0,0,0,0,0,0,0,0,0,0,21,14,8,0,0,0,0,0,0,0,0,0,0,0,0,0,0,0,0,0,0
backbone,0,0,0,0,0,0,0,0,0,0,0,0,0,0,0,0,0,0,0,0,0,0,0,0,0,0,37,0,0,0,0,0,0,0
graphql,0,0,0,0,0,0,0,0,0,7,46,0,0,369,0,0,0,0,0,0,0,0,0,0,11,0,855,0,0,0,0,0,82,0
KaTeX,0,0,0,0,0,0,0,0,0,5,0,0,0,99,0,0,0,0,0,0,0,0,0,0,0,0,154,0,0,0,0,0,5,0
Langchain-Chatchat,0,0,0,0,0,0,0,0,5,10,0,0,0,84,0,0,0,0,0,0,0,0,0,0,4,0,171,116,0,0,0,0,32,0
vulhub,0,0,0,0,0,0,0,0,22,14,620,6,0,49,0,0,0,0,0,0,455,0,0,0,0,111,28,0,0,0,15,0,0,4
gradle,12,0,0,0,0,0,0,0,0,0,0,0,0,190,47,7,0,0,0,0,91,2,0,0,0,0,0,0,0,0,1,0,0,0
posthog,0,0,0,0,0,307,0,0,212,11,571,0,0,1304,0,0,0,0,0,0,0,0,0,0,0,0,696,54,0,0,0,0,63,0
YesPlayMusic,0,0,0,0,0,0,0,0,0,6,13,0,0,21,0,0,0,0,0,0,0,0,0,0,0,0,104,0,0,0,0,0,0,0
bitcoin,0,0,0,0,0,3,0,0,0,0,0,0,0,471,0,0,0,0,0,0,0,0,0,0,0,0,0,0,0,0,0,17,0,0
argo-cd,0,0,0,0,0,0,0,0,0,8,0,0,0,68,0,0,0,0,0,14,0,0,0,0,0,0,118,0,0,0,0,0,17,0
jumpserver,0,0,4,71,0,0,0,0,0,11,0,0,0,157,0,0,0,0,0,0,0,0,0,0,0,0,0,14,0,4,0,0,0,0
redoc,0,0,0,0,0,0,0,0,0,7,0,0,0,81,0,0,0,0,0,0,0,0,0,0,0,14,156,0,0,0,0,0,36,0
dayjs,0,0,0,0,0,0,0,0,0,0,0,0,0,31,0,0,0,0,0,0,0,0,0,0,0,0,55,0,0,0,0,0,0,0
flink,0,59,0,0,0,0,0,0,0,0,0,0,0,252,0,0,0,0,0,0,2190,4,0,0,0,0,65,9,0,0,0,0,25,5
teleport,0,0,3,0,0,113,0,0,0,12,0,0,0,15,0,0,0,0,0,32,0,0,0,0,0,0,198,0,0,0,0,0,31,0
servers,0,0,0,0,0,0,0,0,0,8,0,0,0,121,0,0,0,0,0,0,0,0,0,0,0,0,47,15,0,0,0,0,14,0
budibase,0,0,0,0,0,0,0,0,0,11,18,0,0,215,0,0,0,0,0,0,0,0,0,0,0,28,517,0,0,5,0,0,46,0
aider,0,0,0,0,0,0,0,0,0,8,0,0,0,81,0,0,0,0,0,0,0,0,0,0,0,0,0,17,0,0,0,0,0,0
FastGPT,0,0,0,0,0,0,0,0,0,10,182,0,0,236,0,0,0,0,0,0,0,0,0,0,0,0,293,0,0,0,0,0,51,0
uv,0,0,0,0,0,617,0,0,0,7,0,0,0,1150,0,0,0,0,0,0,0,0,0,0,0,0,0,432,0,0,0,0,0,0
diffusers,0,0,0,0,0,0,0,0,0,4,0,0,0,148,0,0,0,0,0,0,0,0,0,0,0,0,0,11,0,0,0,0,0,0
rembg,0,0,0,0,0,0,0,0,0,7,5,0,0,54,0,0,0,0,0,0,0,0,0,0,0,0,0,8,0,0,0,0,0,0
helm,0,0,0,0,0,0,0,0,0,0,0,0,0,72,0,0,0,0,0,0,0,0,0,0,0,0,0,0,0,0,0,0,0,0
tesseract.js,0,0,0,0,0,0,0,0,0,0,0,0,0,20,0,0,0,0,0,0,0,0,0,0,0,0,68,0,0,0,0,0,0,0
framework,0,0,0,0,0,0,0,0,0,0,19,0,0,347,0,0,0,0,0,0,0,0,0,0,0,0,12,0,0,0,0,0,0,0
tabby,0,0,0,0,0,285,0,0,0,0,19,0,0,269,1,6,0,0,0,0,0,0,0,0,0,0,419,5,0,0,0,0,60,0
curl,0,0,0,0,0,0,42,0,0,4,0,0,0,687,0,0,0,0,0,0,0,0,0,0,0,0,0,0,0,0,0,0,0,0
acme.sh,0,0,0,0,0,0,0,0,0,8,0,0,0,440,0,0,0,0,0,0,0,0,0,0,0,0,0,0,0,0,0,0,0,0
uni-app,0,0,0,0,0,0,0,0,0,0,0,0,0,36,0,0,0,0,0,0,0,0,0,0,0,0,630,0,0,0,0,0,88,0
excalidraw,0,0,0,0,0,0,0,0,0,5,10,0,0,88,0,0,0,0,0,0,0,0,0,0,0,0,203,0,0,0,0,0,55,0
delta,0,0,0,0,0,58,0,0,0,0,0,0,0,99,0,0,0,0,0,0,0,0,0,0,0,0,0,0,0,0,0,0,0,0
quasar,21,0,0,0,0,0,0,0,0,0,0,0,0,80,2,7,0,0,0,0,0,0,0,0,0,0,430,0,0,0,0,0,35,0
vite,0,0,0,0,0,0,0,0,0,0,0,0,0,147,0,0,0,0,0,0,0,0,0,0,5,0,545,0,0,0,0,0,52,0
minikube,0,0,0,0,0,0,0,0,0,11,0,0,0,1070,0,0,0,0,0,0,0,0,0,0,7,0,3,0,0,0,0,0,0,0
trpc,0,0,0,0,0,0,0,0,0,0,0,0,0,208,0,0,0,0,0,0,0,0,0,0,0,0,484,0,0,0,0,0,65,0
xxl-job,0,0,0,0,0,0,0,0,0,5,0,0,0,10,0,0,0,0,0,0,136,0,0,0,0,0,0,0,0,0,57,0,0,0
sway,0,0,0,0,0,466,0,0,0,5,0,0,0,358,0,0,0,0,0,0,0,0,0,0,0,0,0,0,0,0,0,0,0,0
poetry,0,0,0,0,0,0,0,0,0,0,0,0,0,0,0,0,0,0,0,0,0,0,0,0,0,0,0,66,0,0,0,0,0,0
python-telegram-bot,0,0,0,0,0,0,0,0,0,0,0,0,0,166,0,0,0,0,0,0,0,0,0,0,0,0,0,79,0,0,0,0,0,0
validator.js,0,0,0,0,0,0,0,0,0,0,0,0,0,33,0,0,0,0,0,0,0,0,0,0,0,0,47,0,0,0,0,0,0,0
semantic-kernel,0,0,0,0,0,0,0,0,2,0,7,0,0,197,0,0,0,0,0,0,0,0,0,0,0,0,31,92,0,0,0,0,1,0
v8,0,0,0,0,0,0,0,0,0,0,0,0,0,0,0,0,0,0,0,0,0,0,0,0,0,0,44,0,0,0,0,0,64,0
koa,0,0,0,0,0,0,0,0,0,0,0,0,0,10,0,0,0,0,0,0,0,0,0,0,0,0,47,0,0,0,0,0,0,0
relay,0,0,0,0,0,155,0,0,0,0,0,0,0,150,0,0,0,0,0,0,0,0,0,0,0,0,215,0,0,0,0,0,10,0
black,0,0,0,0,0,0,0,0,0,6,0,0,0,132,0,0,0,0,0,0,0,0,0,0,0,0,0,81,0,0,0,0,0,0
hosts,0,0,0,0,0,0,0,0,0,4,0,0,0,48,0,0,0,0,0,0,0,0,0,0,0,0,13,0,0,0,0,0,0,0
yoga,3,0,0,15,0,0,0,0,0,0,0,0,0,86,3,7,0,0,0,0,0,0,0,0,0,0,81,0,0,0,0,0,0,0
fyne,16,0,0,0,0,0,0,0,0,0,0,0,0,11,0,0,0,0,0,0,0,0,0,0,0,0,0,0,0,0,0,0,0,0
glide,25,0,0,0,0,0,0,0,0,0,0,0,0,14,26,7,0,0,0,0,0,0,0,0,0,0,0,0,0,0,0,0,0,0
refine,0,0,0,0,0,0,0,0,0,6,0,0,0,290,0,0,0,0,0,0,0,0,0,0,4,0,754,0,0,0,0,0,107,0
meilisearch,0,0,0,0,0,308,0,0,0,9,0,0,0,279,0,0,0,0,0,0,0,0,0,0,0,0,0,0,0,0,0,0,0,0
highlight.js,0,0,0,0,0,0,0,0,0,6,0,0,0,43,0,0,0,0,0,0,0,0,0,0,0,0,63,0,0,0,0,0,0,0
teable,0,0,0,0,0,0,0,0,0,8,76,0,0,84,0,0,0,0,0,0,0,0,0,0,0,0,608,0,0,0,0,0,85,0
Files,0,0,0,0,0,0,0,0,0,0,0,0,0,114,0,0,0,0,0,0,0,0,0,0,0,0,0,0,0,0,0,0,0,0
k9s,0,0,0,0,0,0,0,0,0,7,0,0,0,25,0,0,0,0,0,0,0,0,0,0,0,0,0,0,0,0,0,11,0,0
Apollo-11,0,0,0,0,0,0,0,0,0,0,0,0,0,14,0,0,0,0,0,0,0,0,0,0,0,0,3,0,0,0,0,0,0,0
apollo,0,0,0,0,0,0,0,0,0,6,0,0,0,67,0,0,0,0,0,0,485,1,0,0,0,0,0,0,0,0,30,0,0,0
gun,13,0,0,0,0,0,0,0,0,8,0,0,0,24,0,5,0,0,0,0,0,0,0,0,0,0,291,0,0,0,0,4,30,0
hackathon-starter,0,0,0,0,0,0,0,0,0,6,8,0,0,13,0,0,0,0,0,0,0,0,0,0,0,0,89,0,0,0,0,0,0,0
agentic,0,0,0,0,0,0,0,0,0,0,0,0,0,26,0,0,0,0,0,0,0,0,0,0,0,0,372,0,0,0,0,0,26,0
pulumi,0,0,0,0,0,0,0,0,4,6,0,0,0,899,0,0,0,0,0,0,0,0,0,0,0,0,67,33,0,0,0,0,121,0
grpc,10,0,0,0,0,0,0,0,0,8,0,0,0,0,1,5,0,0,0,0,0,0,0,0,0,10,0,0,0,0,0,0,0,0
chinese-independent-blogs,0,0,0,0,0,0,0,0,0,0,0,0,0,16,0,0,0,0,0,0,0,0,0,0,0,0,12,0,0,0,0,0,0,0
diagrams,0,0,0,0,0,0,0,0,0,5,0,0,0,14,0,0,0,0,0,0,0,0,0,0,0,0,9,19,0,0,0,0,0,0
OmniParser,0,0,0,0,0,0,0,0,0,8,0,0,0,0,0,0,0,0,0,0,0,0,0,0,0,0,0,0,0,0,0,0,0,0
focalboard,0,0,0,0,0,0,0,13,0,11,8,0,0,102,0,0,0,0,0,0,0,0,0,0,0,0,171,0,0,0,0,0,30,0
mypy,0,0,0,0,0,0,0,0,0,4,0,0,0,78,0,0,0,0,0,0,0,0,0,0,0,0,0,54,0,0,0,0,0,0
vscodium,0,0,0,0,0,0,0,0,0,0,0,0,0,299,0,0,0,0,0,0,0,0,0,0,0,0,0,0,0,0,0,0,0,0
you-get,0,0,0,0,0,0,0,0,0,0,0,0,0,10,0,0,0,0,0,0,0,0,0,0,0,0,0,0,0,0,0,0,0,0
LightRAG,0,0,0,0,0,0,0,0,0,7,10,0,0,35,0,0,0,0,0,0,0,0,0,0,0,0,92,0,0,0,0,0,0,0
pytorch,1,0,0,0,0,0,0,0,4,9,0,0,0,10507,25,5,0,0,0,0,0,0,0,0,0,0,0,69,0,0,0,0,0,0
neon,0,0,8,0,0,967,0,0,0,10,89,0,0,1327,0,0,0,0,0,0,0,0,0,0,0,0,3,73,0,0,0,0,0,0
trilium,0,0,0,22,0,0,0,0,0,6,10,0,0,298,0,0,0,0,0,0,0,0,0,0,0,6,457,0,0,0,0,0,30,0
gitui,0,0,0,0,0,109,0,0,0,0,0,0,0,111,0,0,0,0,0,0,0,0,0,0,0,0,0,0,0,0,0,0,0,0
RxJava,0,0,0,0,0,0,0,0,0,0,0,0,0,46,19,6,0,0,0,0,0,0,0,0,0,0,0,0,0,0,0,0,0,0
logseq,25,0,0,0,0,0,0,0,0,5,0,0,0,333,2,7,0,0,0,0,0,0,0,0,0,0,444,0,0,0,0,0,16,0
pyenv,0,0,0,0,0,0,0,0,0,3,0,0,0,58,0,0,0,0,0,0,0,0,0,0,0,0,0,0,0,0,0,0,0,0
uppy,0,58,0,0,0,0,0,0,0,6,0,0,0,257,0,0,0,1,0,0,0,0,0,0,0,0,441,0,0,0,0,0,46,0
SteamTools,0,0,0,0,0,0,0,0,0,0,0,0,0,83,0,0,0,0,0,0,0,0,0,0,0,0,0,0,0,0,0,0,0,0
pocketbase,0,0,0,0,0,0,0,0,0,0,0,0,0,0,0,0,0,0,0,0,0,0,0,0,0,0,32,0,0,0,0,0,0,0
IOPaint,0,0,0,0,0,0,0,0,0,0,0,0,0,0,0,0,0,0,0,0,0,0,0,0,0,0,75,0,0,0,0,0,0,0
AppFlowy,23,0,0,0,0,429,0,0,0,8,10,0,191,221,5,7,0,0,0,0,0,0,0,0,0,0,0,0,0,0,0,0,0,0
open-webui,0,0,0,0,0,0,0,0,0,9,0,0,0,32,0,0,0,0,0,0,0,0,0,0,0,0,141,22,0,0,0,0,3,0
ChatTTS,0,0,0,0,0,0,0,0,0,0,0,0,0,69,0,0,0,0,0,0,0,0,0,0,0,0,0,0,0,0,0,0,0,0
pixijs,0,0,0,0,0,0,0,0,0,0,0,0,0,45,0,0,0,0,0,0,0,0,0,0,0,0,218,0,0,0,0,0,0,0
laravel,0,0,0,0,0,0,0,0,0,0,0,0,0,10,0,0,0,0,0,0,0,0,0,0,0,0,11,0,0,0,0,0,0,0
mybatis-3,0,0,0,15,0,0,0,0,0,0,0,0,0,20,0,0,0,0,0,0,219,4,0,0,0,0,0,0,0,0,0,0,0,0
django,0,0,0,0,0,0,0,0,142,0,0,0,0,150,0,0,0,0,0,0,0,0,0,0,0,0,12,23,0,0,0,0,0,0
xterm.js,0,0,0,0,0,0,0,0,0,0,0,0,0,95,0,0,0,0,0,0,0,0,0,0,0,0,103,0,0,0,0,0,63,0
openai-python,0,0,0,0,0,0,0,0,0,5,0,0,0,81,0,0,0,0,0,0,0,0,0,0,0,0,0,65,0,0,0,0,0,0
diff-so-fancy,0,0,0,0,0,0,6,0,0,0,0,0,0,7,0,0,0,0,0,0,0,0,0,0,0,0,9,0,0,0,0,13,0,0
Real-Time-Voice-Cloning,0,0,0,0,0,0,0,0,0,0,0,0,0,6,0,0,0,0,0,0,0,0,0,0,0,0,0,14,0,0,0,0,0,0
etcher,0,0,0,0,0,0,0,0,0,0,0,0,0,20,0,0,0,0,0,0,0,0,0,0,0,0,127,0,0,0,0,0,19,0
phaser,0,0,0,0,0,0,0,0,0,0,0,0,0,12,0,0,0,0,0,0,0,0,0,0,0,0,80,0,0,0,0,5,10,0
twenty,0,0,0,33,0,0,0,0,0,9,50,0,0,29,0,0,0,0,0,14,0,0,0,0,0,0,604,0,0,0,0,0,60,0
facefusion,0,0,0,0,0,0,0,0,0,0,0,0,0,20,0,0,0,0,0,0,0,0,0,0,0,0,0,0,0,0,0,0,0,0
pdf.js,0,0,0,24,0,0,0,0,0,0,0,0,0,49,0,0,0,0,0,0,0,0,0,0,0,0,64,0,0,0,0,0,21,0
bootstrap,0,0,0,0,0,0,0,0,0,0,0,0,0,139,0,0,0,0,0,0,0,0,0,0,0,0,162,0,0,0,0,0,7,0
wezterm,0,0,0,0,0,699,0,0,0,0,0,0,0,142,0,0,0,0,0,0,0,0,0,0,0,0,0,0,0,0,0,0,0,0
Mobile-Security-Framework-MobSF,0,0,0,0,0,0,0,0,154,9,61,0,0,45,0,0,0,0,0,0,0,0,0,0,0,14,0,54,0,0,0,0,0,0
huginn,0,0,0,0,0,0,0,0,0,10,18,0,0,56,0,0,0,0,0,0,0,0,0,0,0,0,0,0,0,0,0,0,0,0
redash,0,0,0,0,0,0,0,0,0,10,0,0,0,147,0,0,0,0,0,0,0,0,0,0,11,0,209,142,0,0,0,0,24,0
eleventy,0,0,0,0,0,0,0,0,0,0,0,0,0,49,0,0,0,0,0,0,0,0,0,0,0,0,104,0,0,0,0,0,0,0
simple-icons,0,0,0,0,0,0,0,0,0,5,0,0,0,208,0,0,0,0,0,0,0,0,0,0,0,0,86,0,0,0,0,0,0,0
drawio-desktop,0,0,0,0,0,0,0,0,0,0,0,0,0,53,0,0,0,0,0,0,0,0,0,0,0,0,35,0,0,0,0,14,0,0
node-red,0,0,0,0,0,0,0,0,0,0,0,0,0,18,0,0,0,0,0,0,0,0,0,0,0,0,115,0,0,0,0,0,0,0
devdocs,0,0,0,0,0,0,0,0,0,7,0,0,0,42,0,0,0,0,0,0,0,0,0,0,0,0,0,0,0,0,0,0,0,0
lazygit,0,0,0,0,0,0,0,0,0,7,5,0,0,126,0,0,0,0,0,0,0,0,0,0,0,0,0,0,0,0,0,17,0,0
memos,0,0,0,0,0,0,0,0,0,8,0,0,0,94,0,0,0,0,0,0,0,0,0,0,0,0,70,0,0,0,0,0,19,0
yfinance,0,0,0,0,0,0,0,0,0,0,0,0,0,33,0,0,0,0,0,0,0,0,0,0,0,0,0,0,0,0,0,18,0,0
react-redux,0,0,0,0,0,0,0,0,0,0,0,0,0,0,0,0,0,0,0,0,0,0,0,0,10,0,93,0,0,0,0,0,23,0
commander.js,0,0,0,0,0,0,0,0,0,0,0,0,0,14,0,0,0,0,0,0,0,0,0,0,0,0,48,0,0,0,0,0,0,0
bat,0,0,0,0,0,101,0,0,0,0,0,0,0,107,0,0,0,0,0,0,0,0,0,0,0,0,0,0,0,0,0,0,0,0
postgres,0,0,0,0,0,0,0,0,0,0,0,0,0,0,0,0,0,0,0,0,0,0,0,0,0,0,0,0,0,0,0,0,0,0
numpy,0,0,0,0,0,0,22,0,0,0,0,0,0,568,0,0,0,0,0,0,0,0,0,0,0,0,0,61,0,0,0,0,0,0
RSSHub,0,0,0,0,0,0,0,0,0,9,29,0,0,219,0,0,0,0,0,0,0,0,0,0,0,0,209,0,0,0,0,0,19,0
iTerm2-Color-Schemes,0,0,0,0,0,0,0,0,0,4,0,0,0,0,0,0,0,0,0,0,0,0,0,0,0,0,0,4,0,0,0,0,0,0
core-js,0,0,0,0,0,0,0,0,0,0,0,0,0,65,0,0,0,0,0,0,0,0,0,0,0,0,112,0,0,0,0,0,0,0
sentry,0,0,0,0,0,0,0,0,20,10,0,0,0,681,0,0,0,0,0,0,0,0,0,0,0,0,346,40,0,0,0,0,10,0
SmartTube,73,0,0,0,0,0,0,0,0,0,0,0,0,0,6,5,0,0,0,0,0,0,0,0,0,0,0,0,0,0,0,0,0,0
winutil,0,0,0,0,0,0,0,0,0,0,0,0,0,0,0,0,0,0,0,0,0,0,0,0,0,0,0,0,0,0,0,0,0,0
QtScrcpy,0,0,0,0,0,0,0,0,0,0,0,0,0,46,0,0,0,0,0,0,0,0,0,0,0,0,0,0,0,0,0,0,0,0
pure,0,0,0,0,0,0,0,0,0,0,0,0,0,13,0,0,0,0,0,0,0,0,0,0,0,0,67,0,0,0,0,0,0,0
helix,0,0,0,0,0,174,0,0,0,0,0,0,0,113,0,0,0,0,0,0,0,0,0,0,0,0,0,0,0,0,0,0,0,0
Kingfisher,0,0,0,0,0,0,0,0,0,0,0,0,0,0,0,0,0,0,0,0,0,0,0,0,0,0,0,0,0,0,0,0,0,0
sops,0,0,0,0,0,0,0,0,0,4,0,0,0,137,0,0,0,0,0,0,0,0,0,0,0,0,0,0,0,0,0,0,0,0
TDengine,0,0,0,0,0,22,0,0,0,11,19,0,0,108,0,0,0,0,0,0,338,2,0,0,0,12,6,0,0,0,19,19,0,0
matomo,0,0,0,0,0,0,0,0,0,0,0,0,0,148,0,0,0,0,0,0,0,0,0,0,0,0,310,0,0,0,0,4,31,0
uptime-kuma,0,0,0,0,0,0,0,0,0,7,6,0,0,73,0,0,0,0,0,0,0,0,0,0,0,0,217,0,0,0,0,0,12,0
electron,0,0,0,0,0,0,0,0,0,0,7,0,0,845,0,0,0,0,0,0,0,0,0,0,0,0,165,0,0,0,0,0,13,0
Sortable,0,0,0,0,0,0,10,0,0,0,0,0,0,0,0,0,0,0,0,0,0,0,0,0,0,0,33,0,0,0,0,0,0,0
GSYVideoPlayer,22,0,0,0,0,0,0,0,0,0,0,0,0,31,19,5,0,0,0,0,0,0,0,0,0,0,0,0,0,0,0,0,0,0
react-bootstrap,0,0,0,0,0,0,0,0,0,0,0,0,0,21,0,0,0,0,0,0,0,0,0,0,0,0,131,0,0,0,0,0,29,0
FastChat,0,0,0,0,0,0,0,0,0,2,20,0,0,10,0,0,0,0,0,0,0,0,0,0,0,33,0,15,0,0,0,0,0,0
dapr,0,0,0,0,0,0,0,0,0,5,0,0,0,376,0,0,0,0,0,0,0,0,0,0,0,0,0,0,0,0,0,0,0,0
flatbuffers,20,0,0,0,0,22,0,0,0,0,0,0,10,351,14,5,0,0,0,0,153,0,0,0,0,0,34,0,0,0,0,0,17,0
pipenv,0,0,0,0,0,0,0,0,0,3,0,0,0,27,0,0,0,0,0,0,0,0,0,0,0,0,0,73,0,0,0,0,0,0
peft,0,0,0,0,0,0,0,0,0,4,0,0,0,136,0,0,0,0,0,0,0,0,0,0,0,0,0,14,0,0,0,0,0,0
openzeppelin-contracts,0,0,0,0,0,0,0,0,0,0,0,0,0,197,0,0,0,0,0,0,0,0,0,0,2,0,82,0,0,0,0,0,0,0
payload,0,0,0,0,0,0,0,0,0,8,33,0,0,413,0,0,0,0,0,0,0,0,0,0,0,0,1257,0,0,0,0,0,7,0
ladybird,35,0,0,0,0,0,0,0,0,2,0,0,0,222,4,5,0,0,0,0,0,0,0,0,0,0,0,4,0,0,0,0,0,0
seaweedfs,0,0,0,0,0,44,0,0,0,6,114,0,0,278,0,0,0,0,0,0,181,0,0,0,0,0,0,0,0,0,8,0,0,0
cpython,0,0,0,0,0,0,0,0,0,0,0,0,0,519,0,0,0,0,0,0,0,0,0,0,0,0,0,7,0,0,0,0,0,0
MiniCPM-o,0,0,0,0,0,0,0,0,0,5,0,0,0,0,0,0,0,0,0,0,0,0,0,0,0,38,37,0,0,0,0,0,0,0
bazel,12,0,0,0,0,0,0,0,0,0,0,0,0,91,4,0,0,0,0,0,61,0,0,0,0,0,0,0,0,0,0,0,0,0
excelize,0,0,0,0,0,0,0,0,0,0,0,0,0,26,0,0,0,0,0,0,0,0,0,0,0,0,0,0,0,0,0,0,0,0
chroma,0,0,0,0,0,417,0,0,0,10,40,0,0,524,0,0,0,0,0,4,0,0,0,0,0,0,211,46,0,0,0,0,49,0
calibre,0,0,0,0,0,0,0,0,0,0,0,0,0,36,0,0,0,0,0,0,0,0,0,0,0,0,0,55,0,0,0,0,0,0
netdata,0,0,0,15,0,107,0,0,0,8,0,0,0,1075,0,0,0,0,0,0,0,0,0,0,0,0,4,0,0,17,0,0,0,0
electron-react-boilerplate,0,0,0,0,0,0,0,0,0,0,0,0,0,28,0,0,0,0,0,0,0,0,0,0,0,0,157,0,0,0,0,0,18,0
eruda,0,0,0,0,0,0,0,0,0,0,0,0,0,16,0,0,0,0,0,0,0,0,0,0,0,0,69,0,0,0,0,0,0,0
delve,0,0,0,0,0,0,0,0,0,0,0,0,0,0,0,0,0,0,0,0,44,0,0,0,0,0,15,0,0,0,0,34,0,0
timescaledb,0,0,0,0,0,0,0,0,10,0,0,0,0,6,0,0,0,0,0,0,0,0,0,0,0,0,0,0,0,0,0,0,0,0
livewire,0,0,0,0,0,0,0,0,0,0,0,0,0,0,0,0,0,0,0,0,0,0,0,0,0,0,18,0,0,0,0,0,0,0
okhttp,8,0,0,0,0,0,0,0,0,0,0,0,0,224,9,7,0,0,0,0,0,0,0,0,0,0,0,0,0,0,0,0,0,0
docsify,0,0,0,0,0,0,0,0,0,6,0,0,0,34,0,0,0,0,0,0,0,0,0,0,0,0,94,0,0,0,0,0,0,0
supabase,33,38,0,0,0,6,0,0,0,9,312,0,20,328,5,5,0,0,0,0,0,0,0,0,0,0,965,12,0,0,0,0,67,0
alacritty,0,0,0,0,0,100,0,0,0,0,0,0,0,27,0,0,0,0,0,0,0,0,0,0,0,0,0,0,0,0,0,0,0,0
cube,0,13,0,0,0,299,0,0,0,8,199,0,0,1171,0,0,0,0,0,0,0,0,0,0,0,0,592,7,0,0,0,0,49,0
terminal,0,0,0,0,0,0,0,0,0,0,0,0,0,83,0,0,0,0,0,0,0,0,0,0,0,0,0,0,0,0,0,0,0,0
langchain,0,0,0,0,0,0,0,0,0,6,0,0,0,311,0,0,0,0,0,0,0,0,0,0,0,0,66,137,0,0,0,0,0,0
tree-sitter,0,0,0,0,0,246,0,0,0,5,0,0,0,182,0,0,0,0,0,0,0,0,0,0,0,0,85,11,0,0,0,0,0,0
vanna,0,0,0,0,0,0,0,0,0,0,0,0,0,0,0,0,0,0,0,0,0,0,0,0,0,0,0,40,0,0,0,0,0,0
lighthouse,0,0,0,0,0,0,0,0,0,0,0,0,0,147,0,0,0,0,0,0,0,0,0,0,0,0,226,0,0,0,0,0,0,0
penpot,0,0,0,0,0,17,98,0,0,8,0,0,0,35,0,0,0,0,0,0,0,0,0,0,0,116,175,0,0,0,0,12,0,0
cobalt,0,0,0,0,0,0,0,0,0,8,13,0,0,51,0,0,0,0,0,0,0,0,0,0,0,0,77,0,0,0,0,0,10,0
HandBrake,0,0,0,0,0,0,0,0,0,0,0,0,0,88,0,0,0,0,0,0,0,0,0,0,0,0,0,0,0,0,0,0,0,0
Wox,0,0,0,0,0,0,0,0,0,0,0,0,40,33,0,0,0,0,0,0,0,0,0,0,0,0,37,14,0,0,0,0,24,0
localsend,26,0,0,0,0,0,0,0,0,0,0,0,88,185,3,5,0,0,0,0,0,0,0,0,0,0,0,0,0,0,0,0,0,0
glances,0,0,0,0,0,0,0,0,0,3,10,0,0,139,0,0,0,0,0,0,0,0,0,0,0,0,33,41,0,0,0,0,0,0
Sa-Token,0,0,0,0,0,0,0,0,0,0,0,0,0,0,0,0,0,0,0,0,784,0,0,0,0,0,34,0,0,0,106,0,0,0
lede,0,0,0,0,0,0,0,0,0,0,0,0,0,17,0,0,0,0,0,0,0,0,0,0,0,0,0,0,0,0,0,0,0,0
googletest,0,0,0,0,0,0,0,0,0,0,0,0,0,0,0,0,0,0,0,0,0,0,0,0,0,0,0,0,0,0,0,0,0,0
siyuan,0,0,0,0,0,0,0,0,0,9,0,0,0,98,0,0,0,0,0,0,0,0,0,0,0,0,57,0,0,0,0,0,0,0
smolagents,0,0,0,0,0,0,0,0,0,0,0,0,0,31,0,0,0,0,0,0,0,0,0,0,0,0,0,35,0,0,0,0,0,0
firecrawl,0,0,0,0,0,42,0,0,0,9,0,0,0,38,0,0,0,0,0,23,0,0,0,0,0,0,203,11,0,0,0,0,3,0
Genesis,0,0,0,0,0,0,0,0,0,7,0,0,0,41,0,0,0,0,0,0,0,0,0,0,0,0,0,19,0,0,0,0,0,0
tailwindcss,0,0,0,0,0,63,0,0,0,0,0,0,0,115,0,0,0,0,0,0,0,0,0,0,0,0,282,0,0,0,0,0,0,0
directus,0,0,0,0,0,0,0,0,0,9,62,0,0,223,0,0,0,0,0,68,0,0,0,0,0,0,453,0,0,0,0,0,46,0
anime,0,0,0,0,0,0,0,0,0,0,0,0,0,0,0,0,0,0,0,0,0,0,0,0,0,0,34,0,0,0,0,0,15,0
bcc,0,0,0,0,0,0,0,0,0,4,0,0,0,48,0,0,0,0,0,0,0,0,0,0,0,0,0,0,0,0,0,17,0,0
automa,0,0,0,0,0,0,0,0,0,0,0,0,0,0,0,0,0,0,0,0,0,0,0,0,0,0,132,0,0,0,0,0,0,0
fiber,0,0,0,0,0,0,0,0,0,0,0,0,0,98,0,0,0,0,0,0,0,0,0,0,0,0,0,0,0,0,0,0,0,0
OpenClash,0,0,0,0,0,0,0,0,0,0,0,0,0,120,0,0,0,0,0,0,0,0,0,0,0,0,0,0,0,0,0,0,0,0
colly,0,0,0,0,0,0,0,0,0,0,0,0,0,25,0,0,0,0,0,0,0,0,0,0,0,0,0,0,0,0,0,0,0,0
ace,0,0,0,12,0,0,0,0,0,6,0,0,0,55,0,0,0,0,0,0,0,0,0,0,0,0,64,0,0,0,0,0,0,0
json,0,0,0,0,0,0,0,0,0,0,0,0,0,262,0,0,0,0,0,0,0,0,0,0,0,0,0,0,0,0,0,0,0,0
brave-browser,0,0,0,0,0,0,0,0,0,0,0,0,0,31,0,0,0,0,0,0,0,0,0,0,0,0,34,0,0,0,0,0,0,0
selenium,0,0,0,0,0,56,0,0,0,8,0,0,0,736,0,0,0,0,0,0,19,0,0,0,0,0,87,55,0,0,0,0,20,0
ws,0,0,0,0,0,0,0,0,0,0,0,0,0,26,0,0,0,0,0,0,0,0,0,0,0,0,39,0,0,0,0,0,0,0
goaccess,0,0,0,0,0,0,0,0,0,8,0,0,0,46,0,0,0,0,0,0,0,0,0,0,0,13,0,0,0,0,0,0,0,0
onlook,0,0,0,0,0,0,0,0,0,6,14,0,0,7,0,0,0,0,0,0,0,0,0,0,0,0,276,0,0,0,0,0,41,0
dev-sidecar,0,0,0,0,0,0,0,0,0,0,0,0,0,53,0,0,0,0,0,0,0,0,0,0,0,0,78,0,0,0,0,0,0,0
skywalking,0,0,0,0,0,0,0,0,0,8,87,0,0,0,0,0,0,0,0,0,1145,2,0,0,0,0,0,0,0,0,391,0,0,0
insomnia,0,0,0,0,0,0,0,0,0,4,0,0,0,285,0,0,0,0,0,0,0,0,0,0,0,0,266,0,0,0,0,0,0,0
SingleFile,0,0,0,0,0,0,0,0,0,0,0,0,0,0,0,0,0,0,0,0,0,0,0,0,0,0,12,0,0,0,0,0,0,0
ripgrep,0,0,0,0,0,112,0,0,0,0,0,0,0,84,0,0,0,0,0,0,0,0,0,0,0,0,0,0,0,0,0,0,0,0
bun,0,0,0,0,0,22,0,0,0,8,0,0,0,342,0,0,0,0,0,0,0,0,0,0,0,0,674,0,0,0,0,0,82,0
xbmc,11,0,0,0,0,0,0,0,28,0,0,0,0,75,2,7,0,0,0,0,0,0,0,0,0,0,0,0,0,0,0,0,0,0
rclone,0,0,0,0,0,0,0,0,0,7,0,0,0,143,0,0,0,0,0,0,0,0,0,0,0,0,0,0,0,0,0,0,0,0
manim,0,0,0,0,0,0,0,0,0,0,0,0,0,22,0,0,0,0,0,0,0,0,0,0,0,0,0,1,0,0,0,0,0,0
eslint,0,0,0,0,0,0,0,0,0,0,0,0,0,141,0,0,0,0,0,0,0,0,0,0,1,0,238,0,0,0,0,0,16,0
statsd,0,0,0,0,0,0,0,0,0,9,14,0,0,17,0,0,0,0,0,0,0,0,0,0,0,0,20,0,0,0,0,0,0,0
refined-github,0,0,0,0,0,0,0,0,0,0,0,0,0,79,0,0,0,0,0,0,0,0,0,0,0,0,144,0,0,0,0,0,18,0
FreeTube,0,0,0,0,0,0,0,0,0,0,0,0,0,148,0,0,0,0,0,0,0,0,0,0,0,0,104,0,0,0,0,0,0,0
leetcode,0,0,0,0,0,0,0,0,0,6,0,0,0,88,0,0,0,0,0,0,0,0,0,0,0,0,12,0,0,0,0,0,0,0
react-spring,0,0,0,0,0,0,0,0,0,0,0,0,0,52,0,0,0,0,0,0,0,0,0,0,0,0,224,0,0,0,0,0,60,0
invoke-ai_InvokeAI,0,0,0,0,0,0,0,0,0,8,64,0,0,185,0,0,0,0,0,0,0,0,0,0,0,0,140,102,0,0,0,0,0,0
Inquirer.js,0,0,0,0,0,0,0,0,0,0,0,0,0,80,0,0,0,0,0,0,0,0,0,0,0,0,101,0,0,0,0,0,7,0
godot,63,0,0,0,0,0,0,0,0,0,0,0,0,192,6,5,0,0,0,0,0,0,0,0,0,0,16,27,0,0,0,0,0,0
wg-easy,0,0,0,0,0,0,0,0,0,6,26,0,0,129,0,0,0,0,0,0,0,0,0,0,0,0,65,0,0,0,0,0,1,0
AgentGPT,0,0,0,0,0,0,0,0,4,10,37,0,0,64,0,0,0,0,0,0,0,0,0,0,0,0,102,69,0,0,0,0,26,0
scrcpy,0,0,0,0,0,0,0,0,0,0,0,0,0,103,1,6,0,0,0,0,0,0,0,0,0,0,0,0,0,0,0,0,0,0
vagrant,0,0,0,0,0,0,0,0,0,0,0,0,0,78,0,0,0,0,0,0,0,0,0,0,0,0,16,0,0,0,0,0,0,0
cypress,0,0,0,0,0,0,39,0,0,0,20,0,0,184,0,0,0,0,0,0,0,0,0,0,0,0,1134,0,0,0,0,0,70,0
leptos,0,0,0,0,0,958,0,0,0,7,12,0,0,112,0,0,0,0,0,0,0,0,0,0,0,10,80,0,0,0,0,0,0,0
zellij,0,0,0,0,0,330,0,0,0,0,16,0,0,108,0,0,0,0,0,0,0,0,0,0,0,0,0,0,0,0,0,0,0,0
fish-shell,0,0,0,0,0,70,0,0,0,4,0,0,0,97,0,0,0,0,0,0,0,0,0,0,0,0,0,0,0,0,0,0,0,0
gatsby,0,0,0,0,0,0,426,3,0,7,0,0,0,22,0,0,0,0,0,0,0,0,0,0,6,0,1128,0,0,0,0,0,64,0
taipy,0,0,0,0,0,0,0,0,0,2,0,0,0,323,0,0,0,0,0,0,0,0,0,0,0,0,112,49,0,0,0,0,0,0
mall,0,0,0,0,0,0,0,0,0,4,81,0,0,0,0,0,0,0,0,0,185,0,0,0,0,19,0,0,0,0,74,0,0,0
alpine,0,0,0,0,0,0,0,9,0,0,0,0,0,0,0,0,0,0,0,0,0,0,0,0,0,0,32,0,0,0,0,0,0,0
tornado,0,0,0,0,0,0,0,0,0,6,10,0,0,44,0,0,0,0,0,0,0,0,0,0,0,0,0,8,0,0,0,0,0,0
opencv,25,0,0,0,0,0,0,0,0,3,0,0,0,10,3,5,0,0,0,0,157,0,0,0,0,0,11,0,0,0,0,0,0,0
prophet,0,0,0,0,0,0,0,0,0,4,5,0,0,47,0,0,0,0,0,0,0,0,0,0,0,0,0,12,0,0,0,13,0,0
asdf,0,0,0,0,0,0,0,0,0,0,0,0,0,69,0,0,0,0,0,0,0,0,0,0,0,0,8,0,0,0,0,0,0,0
MetaGPT,0,0,0,0,0,0,0,0,0,6,0,0,0,0,0,0,0,0,0,0,0,0,0,0,0,0,39,0,0,0,0,0,0,0
joi,0,0,0,0,0,0,0,0,0,0,0,0,0,4,0,0,0,0,0,0,0,0,0,0,0,0,59,0,0,0,0,0,0,0
hugo,0,0,0,0,0,0,0,0,0,12,0,0,0,79,0,0,0,0,0,0,0,0,0,0,12,0,16,0,0,0,0,0,0,0
powerlevel10k,0,0,0,0,0,0,0,0,0,0,0,0,0,0,0,0,0,0,0,0,0,0,0,0,0,0,0,0,0,0,0,0,0,0
faceswap,0,0,0,0,0,0,0,0,1,0,0,0,0,0,0,0,0,0,0,0,0,0,0,0,0,0,0,0,0,0,0,0,0,0
vue2-elm,0,0,0,0,0,0,0,0,0,0,0,0,0,9,0,0,0,0,0,0,0,0,0,0,0,0,59,0,0,0,0,0,0,0
Chat2DB,0,0,0,0,0,0,0,0,0,5,5,0,0,57,0,0,0,0,0,0,400,0,0,0,0,0,109,0,0,0,42,0,4,0
ray,0,0,0,0,0,0,0,0,0,8,0,0,0,6,0,0,0,0,0,17,109,0,0,0,0,0,95,32,0,0,0,0,18,0
intro.js,0,0,0,0,0,0,0,0,0,0,0,0,0,9,0,0,0,0,0,0,0,0,0,0,0,0,93,0,0,0,0,0,29,0
Magisk,45,0,0,0,0,117,0,0,0,0,0,0,0,70,9,7,0,0,0,0,0,0,0,0,0,0,0,0,0,0,0,0,0,0
raylib,16,0,0,0,0,0,0,0,0,0,0,0,0,86,0,0,0,0,0,0,0,0,0,0,0,0,0,0,0,0,0,0,0,0
daytona,0,0,0,0,0,0,0,0,0,10,0,0,0,0,0,0,0,0,0,0,0,0,0,0,0,0,272,79,0,0,0,0,24,0
MPAndroidChart,11,0,0,0,0,0,0,0,0,0,0,0,0,0,3,5,0,0,0,0,33,0,0,0,0,0,0,0,0,0,0,0,0,0
NvChad,0,0,0,0,0,0,0,0,0,0,0,0,0,0,0,0,0,0,0,0,0,0,0,0,0,0,0,0,0,0,0,0,0,0
youtube-music,0,0,0,0,0,0,0,0,0,0,0,0,0,77,0,0,0,0,0,0,0,0,0,0,0,0,161,0,0,0,0,0,0,0
RustPython,0,0,0,0,0,400,0,0,0,2,0,0,0,50,0,0,0,0,0,0,0,0,0,0,0,0,34,0,0,0,0,0,0,0
fastai,0,0,0,0,0,0,0,0,0,0,45,0,0,32,0,0,0,0,0,0,0,0,0,0,0,0,0,6,0,0,0,0,0,0
theia,0,0,0,0,0,0,0,0,0,0,0,0,0,141,0,0,0,0,0,0,0,0,0,0,0,0,581,0,0,0,0,0,39,0
APIJSON,0,0,0,0,0,0,0,0,0,0,0,0,0,0,0,0,0,0,0,0,25,0,0,0,0,0,0,0,0,0,0,0,0,0
servo_servo,17,0,0,0,0,744,0,0,0,0,0,0,0,595,3,5,0,0,0,0,0,0,0,0,0,0,0,14,0,0,0,0,0,0
crystal,0,0,0,0,0,0,223,0,0,0,0,0,0,417,0,0,0,0,0,0,0,0,0,0,0,0,0,0,0,0,0,0,0,0
github-readme-stats,0,0,0,0,0,0,0,0,0,0,0,0,0,137,0,0,0,0,0,0,0,0,0,0,0,0,53,0,0,0,0,0,0,0
fastapi,0,0,0,0,0,0,0,0,0,0,0,0,0,187,0,0,0,0,0,0,0,0,0,0,0,0,0,74,0,0,0,0,0,0
recharts,0,0,0,0,0,0,0,0,0,0,0,0,0,61,0,0,0,0,0,0,0,0,0,0,0,0,139,0,0,0,0,0,11,0
svelte,0,0,0,0,0,0,0,0,0,0,0,0,0,74,0,0,0,0,0,0,0,0,0,0,0,0,142,0,0,0,0,0,46,0
next-auth,0,0,0,0,0,0,0,0,0,7,31,0,0,125,0,0,0,0,0,0,0,0,0,0,0,0,357,0,0,0,0,0,71,0
jadx,0,0,0,0,0,0,0,0,0,0,0,0,0,65,4,8,0,0,0,0,0,0,0,0,0,0,0,0,0,0,0,0,0,0
trivy,0,0,0,0,0,0,0,0,0,4,0,0,0,0,0,0,0,0,0,0,0,0,0,0,0,0,0,0,0,0,0,0,0,0
ncnn,0,0,0,0,0,0,0,0,0,0,0,0,0,766,0,0,0,0,0,0,0,0,0,0,0,0,0,2,0,0,0,0,0,0
jest,0,0,0,0,0,0,0,0,0,0,0,0,0,181,0,0,0,0,0,0,0,0,0,0,13,0,610,0,0,0,0,0,21,0
ruoyi-vue-pro,0,0,0,0,0,0,0,0,0,7,35,0,0,18,0,0,0,0,0,0,768,0,0,0,0,0,0,0,0,0,12,0,0,0
react-admin,0,0,0,0,0,0,0,0,0,0,0,0,0,9,0,0,0,0,0,0,0,0,0,0,0,0,294,0,0,0,0,0,46,0
fullcalendar,0,0,0,0,0,0,0,0,0,0,0,0,0,15,0,0,0,0,0,0,0,0,0,0,0,0,119,0,0,0,0,0,0,0
tldraw,0,0,0,0,0,0,0,0,0,0,23,0,0,333,0,0,0,0,0,0,0,0,0,0,0,0,501,0,0,0,0,0,103,0
anki,0,0,0,0,0,299,0,0,0,11,0,0,0,0,0,0,0,0,0,0,0,0,0,0,0,0,82,31,0,0,0,0,23,0
cosmopolitan,0,0,0,0,0,0,0,0,0,0,0,0,0,31,0,0,0,0,0,0,0,0,0,0,0,0,0,0,0,0,0,0,0,0
nvm,0,0,0,0,0,0,0,0,0,6,0,0,0,121,0,0,0,0,0,0,0,0,0,0,0,0,32,0,0,0,0,36,0,0
pi-hole,0,0,0,0,0,0,0,0,0,0,0,0,0,64,0,0,0,0,0,0,0,0,0,0,0,0,0,0,0,0,0,0,0,0
compiler-explorer,0,0,0,0,0,0,0,0,0,4,0,0,0,57,0,0,0,0,0,0,0,0,0,0,0,0,149,16,0,0,0,0,11,0
heroicons,0,0,0,0,0,0,0,0,0,0,0,0,0,25,0,0,0,0,0,0,0,0,0,0,0,0,103,0,0,0,0,0,0,0
nushell,0,0,0,0,0,574,0,0,0,6,0,0,0,179,0,0,0,0,0,0,0,0,0,0,0,0,0,0,0,0,0,0,0,0
reflex,0,0,0,0,0,0,0,0,0,10,0,0,0,84,0,0,0,0,0,0,0,0,0,0,0,0,0,60,0,0,0,0,0,0
podman,0,0,0,0,0,0,0,0,0,6,0,0,0,255,0,0,0,0,0,0,0,0,0,0,0,0,0,4,0,0,0,23,0,0
Babylon.js,0,0,0,0,0,0,0,0,0,0,0,0,0,13,0,0,0,0,0,0,0,0,0,0,0,0,356,0,0,0,0,0,92,0
GPT-SoVITS,0,0,0,0,0,0,0,0,0,8,0,0,0,0,0,0,0,0,0,0,0,0,0,0,0,0,0,0,0,0,0,0,0,0
doomemacs,0,0,0,0,0,0,0,0,0,0,6,0,0,5,0,0,0,0,0,0,0,0,0,0,0,0,0,0,0,0,0,0,0,0
anoma,0,0,0,0,0,0,0,0,0,6,0,0,0,13,0,0,0,0,0,0,0,0,0,0,0,0,0,0,0,0,0,0,0,0
notepad-plus-plus,0,0,0,0,0,0,0,0,0,0,0,0,0,74,0,0,0,0,0,0,0,0,0,0,0,0,0,0,0,0,0,9,0,0
OI-wiki,0,0,0,0,0,0,0,0,0,7,0,0,0,135,0,0,0,0,0,0,0,0,0,0,3,0,50,0,0,0,0,0,13,0
shardingsphere,0,0,0,0,0,0,0,0,0,7,0,0,0,505,0,0,0,0,0,0,2232,3,0,0,10,0,0,0,0,0,0,3,0,0
Ice,0,0,0,0,0,0,0,0,0,0,0,0,0,9,0,0,0,0,0,0,0,0,0,0,0,0,0,0,0,0,0,0,0,0
CodeEdit,0,0,0,0,0,0,0,0,0,0,0,0,0,107,0,0,0,0,0,0,0,0,0,0,0,0,0,0,0,0,0,0,0,0
spring-cloud-alibaba,0,0,0,0,0,0,18,0,0,5,91,0,0,38,0,0,0,0,0,0,558,2,0,0,0,0,0,0,0,0,111,0,0,0
material-ui,0,0,0,0,0,0,797,0,0,0,0,0,0,167,0,0,0,0,0,0,0,0,0,0,5,0,538,0,0,0,0,0,77,0
deskreen,0,0,0,0,0,0,0,0,0,0,0,0,0,46,0,0,0,0,0,0,0,0,0,0,0,0,349,0,0,0,0,0,0,0
supervision,0,0,0,0,0,0,0,0,0,0,0,0,0,68,0,0,0,0,0,0,0,0,0,0,0,0,0,46,0,0,0,0,0,0
mlflow,0,0,0,0,0,0,0,0,0,8,80,0,0,558,0,0,0,0,0,0,248,0,0,0,0,16,287,109,0,0,0,0,38,0
pm2,0,0,0,0,0,0,0,0,0,5,0,0,0,15,0,0,0,0,0,0,0,0,0,0,0,0,62,0,0,0,0,0,0,0
jellyfin,0,0,0,0,0,0,0,0,0,0,0,0,0,229,0,0,0,0,0,0,0,0,0,0,0,0,0,0,0,0,0,0,0,0
gulp,0,0,0,0,0,0,0,0,0,0,0,0,0,34,0,0,0,0,0,0,0,0,0,0,0,0,32,0,0,0,0,0,0,0
unilm,0,0,0,0,0,0,47,0,0,5,0,0,0,51,0,0,0,0,0,0,0,0,0,0,0,0,0,4,0,0,0,0,0,0
pathway,0,0,0,0,0,196,0,0,0,9,94,0,0,150,0,0,0,0,0,0,0,0,0,0,0,8,40,29,0,0,0,6,0,0
svgo,0,0,0,0,0,0,0,0,0,0,0,0,0,51,0,0,0,0,0,0,0,0,0,0,0,0,75,0,0,0,0,0,17,0
mediapipe,20,0,0,0,0,0,0,0,0,6,0,0,0,0,2,7,0,0,0,0,0,0,0,0,0,0,33,0,0,0,0,0,34,0
SwiftyJSON,0,0,0,0,0,0,0,0,0,0,0,0,0,8,0,0,0,0,0,0,0,0,0,0,0,0,0,0,0,0,0,0,0,0
kratos,0,0,0,0,0,0,0,0,0,0,0,0,0,64,0,0,0,0,0,0,0,0,0,0,0,0,0,0,0,0,0,0,0,0
styled-components,0,0,0,0,0,0,0,0,0,0,0,0,0,26,0,0,0,0,0,0,0,0,0,0,0,0,135,0,0,0,0,0,20,0
go-redis,0,0,0,0,0,0,0,0,0,0,105,0,0,80,0,0,0,0,0,0,0,0,0,0,0,0,0,0,0,0,0,0,0,0
ntfy,0,0,0,0,0,0,0,0,0,6,8,0,0,0,0,0,0,0,0,0,0,0,0,0,0,0,49,0,0,0,0,0,0,0
envoy,11,0,0,44,0,17,0,0,0,7,73,0,0,1377,0,0,0,0,0,0,0,0,0,0,0,0,0,0,0,0,0,0,0,0
dockge,0,0,0,0,0,0,0,0,0,9,0,0,0,33,0,0,0,0,0,0,0,0,0,0,0,0,91,0,0,0,0,0,7,0
astro,0,0,0,0,0,0,0,0,0,3,0,0,0,288,0,0,0,0,0,0,0,0,0,0,0,0,488,0,0,0,0,0,23,0
NextChat,0,0,0,0,0,20,0,0,0,7,32,0,0,113,0,0,0,0,0,0,0,0,0,0,0,0,87,0,0,0,0,0,23,0
monica,0,0,0,0,0,0,0,0,0,7,82,0,0,108,0,0,0,0,0,0,0,0,0,0,0,0,54,0,0,0,0,0,0,0
validator,0,0,0,0,0,0,0,0,0,0,0,0,0,17,0,0,0,0,0,0,0,0,0,0,0,0,0,0,0,0,0,0,0,0
markitdown,0,0,0,0,0,0,0,0,0,8,0,0,0,7,0,0,0,0,0,0,0,0,0,0,0,0,0,40,0,0,0,0,0,0
mocha,0,0,0,0,0,0,0,0,0,0,0,0,0,115,0,0,0,0,0,0,0,0,0,0,6,0,183,0,0,0,0,0,1,0
framework7,0,0,0,0,0,0,0,0,0,0,0,0,0,18,0,0,0,0,0,0,0,0,0,0,0,0,403,0,0,0,0,3,0,0
vue-vben-admin,0,0,0,0,0,0,0,0,0,7,0,0,0,232,0,0,0,0,0,0,0,0,0,0,0,18,372,0,0,0,0,0,22,0
metasploit-framework,0,0,0,0,0,0,0,0,0,8,33,0,0,347,0,0,0,0,0,0,0,0,0,0,0,11,0,0,0,0,0,0,0,0
xstate,0,0,0,0,0,0,0,0,0,0,0,0,0,22,0,0,0,0,0,0,0,0,0,0,0,0,287,0,0,0,0,0,34,0
kickstart.nvim,0,0,0,0,0,0,0,0,0,0,0,0,0,11,0,0,0,0,0,0,0,0,0,0,0,0,0,0,0,0,0,0,0,0
pytorch_geometric,0,0,0,0,0,0,0,0,0,2,0,0,0,68,0,0,0,0,0,0,0,0,0,0,0,0,0,52,0,0,0,0,0,0
floating-ui,0,0,0,0,0,0,0,0,0,0,0,0,0,50,0,0,0,0,0,0,0,0,0,0,0,0,198,0,0,0,0,0,18,0
khoj,38,0,0,0,0,0,0,0,44,8,40,0,0,208,2,7,0,0,0,0,0,0,0,0,0,0,137,30,0,0,0,0,35,0
restic,0,0,0,0,0,0,0,0,0,5,0,0,0,37,0,0,0,0,0,0,0,0,0,0,0,0,0,0,0,0,0,0,0,0
mobx,0,0,0,0,0,0,0,0,0,0,0,0,0,24,0,0,0,0,0,0,0,0,0,0,0,0,153,0,0,0,0,0,27,0
ddia,0,0,0,0,0,0,0,0,0,0,0,0,0,0,0,0,0,0,0,0,0,0,0,0,0,0,0,0,0,0,0,0,0,0
live,0,0,0,0,0,0,0,0,0,0,0,0,0,7,0,0,0,0,0,0,0,0,0,0,0,0,0,0,0,0,0,0,0,0
Clash-for-Windows_Chinese,0,0,0,0,0,0,0,0,0,7,0,0,0,19,0,0,0,0,0,0,0,0,0,0,0,0,1491,0,0,0,0,0,8,0
nacos,0,0,0,0,0,0,0,0,0,0,0,0,0,60,0,0,0,0,0,0,843,3,0,0,0,0,68,0,0,0,35,15,0,0
daisyui,0,0,0,0,0,0,0,0,0,0,0,0,0,72,0,0,0,0,0,0,0,0,0,0,0,0,106,0,0,0,0,0,0,0
miaosha,0,0,0,0,0,0,0,0,0,0,0,0,0,0,0,0,0,0,0,0,278,0,0,0,0,0,9,0,0,0,77,6,0,0
jax,0,0,0,0,0,0,0,0,0,0,0,0,0,268,0,0,0,0,0,0,0,0,0,0,0,0,0,35,0,0,0,0,0,0
frida,0,0,0,0,0,0,0,0,0,0,0,0,0,458,0,0,0,0,0,0,0,0,0,0,0,0,0,0,0,0,0,0,0,0
lobe-chat,0,0,0,0,0,0,0,0,0,11,178,0,0,369,0,0,0,0,0,0,0,0,0,0,5,0,520,0,0,0,0,0,57,0
Deep-Live-Cam,0,0,0,0,0,0,0,0,0,0,0,0,0,0,0,0,0,0,0,0,0,0,0,0,0,0,0,0,0,0,0,0,0,0
jekyll,0,0,0,0,0,0,0,0,0,4,0,0,0,115,0,0,0,0,0,0,0,0,0,0,0,0,0,0,0,0,0,0,0,0
qwik,0,0,0,0,0,53,0,0,0,7,0,0,0,256,0,0,0,0,0,0,0,0,0,0,2,0,716,0,0,0,0,0,119,0
lit,0,0,0,0,0,0,0,0,0,0,0,0,0,14,0,0,0,0,0,0,0,0,0,0,0,0,1593,0,0,0,0,0,89,0
dioxus,0,0,0,0,0,943,0,0,0,8,0,0,0,204,6,5,0,0,0,0,0,0,0,0,0,0,67,0,0,0,0,0,20,0
ghidra,0,0,0,0,0,0,0,0,0,7,0,0,0,0,3,7,0,0,0,0,0,0,0,0,0,0,0,23,0,0,8,0,0,0
PDFMathTranslate,0,0,0,0,0,0,0,0,0,7,8,0,0,210,0,0,0,0,0,0,0,0,0,0,0,0,0,19,0,0,0,0,0,0
compose,0,0,0,0,0,0,0,0,0,8,0,0,0,184,0,0,0,0,0,0,0,0,0,0,0,0,0,0,0,0,0,0,0,0
Iosevka,0,0,0,0,0,0,0,0,0,5,0,0,0,28,0,0,0,0,0,0,0,0,0,0,0,0,72,0,0,0,0,0,0,0
ccxt,0,0,0,0,0,0,0,0,0,5,5,0,0,113,0,0,0,0,0,0,0,0,0,0,0,0,248,4,0,0,0,0,34,0
mdBook,0,0,0,0,0,91,0,0,0,0,0,0,0,64,0,0,0,0,0,0,0,0,0,0,0,0,4,0,0,0,0,0,0,0
consul,0,0,0,0,0,0,0,0,0,12,0,0,0,539,0,0,0,0,0,0,0,0,0,0,0,0,229,0,0,0,0,0,0,0
gpt4all,0,0,0,0,0,0,8,0,0,0,0,0,0,12,0,0,0,0,0,0,0,0,0,0,0,0,33,18,0,0,0,0,0,0
ant-design-pro,0,0,0,0,0,0,0,0,0,0,0,0,0,99,0,0,0,0,0,0,0,0,0,0,0,0,86,0,0,0,0,0,18,0
radare2,0,0,0,0,0,0,0,0,0,9,0,0,0,409,0,0,0,0,0,0,0,0,0,0,0,0,20,0,0,0,0,0,0,0
compose-samples,39,0,0,0,0,0,0,0,0,0,0,0,0,62,6,5,0,0,0,0,0,0,0,0,0,0,0,0,0,0,0,0,0,0
sherlock,0,0,0,0,0,0,0,0,0,7,0,0,0,33,0,0,0,0,0,0,0,0,0,0,0,0,0,23,0,0,0,0,0,0
influxdb,0,0,0,0,0,437,290,0,0,10,0,0,0,3,0,0,0,0,0,0,0,0,0,0,0,0,0,0,0,0,0,0,0,0
grpc-gateway,0,0,0,0,0,0,0,0,0,3,0,0,0,108,0,0,0,0,0,0,0,0,0,0,0,0,19,0,0,0,0,0,0,0
Charts,0,0,0,0,0,0,0,0,0,0,0,0,0,45,0,0,0,0,0,0,0,0,0,0,0,0,0,0,0,0,0,0,0,0
containerd,0,0,0,0,0,0,0,0,0,7,0,0,0,382,0,0,0,0,0,0,0,0,0,0,3,0,0,0,0,0,0,19,0,0
drizzle-orm,0,0,0,0,0,0,0,0,0,0,0,0,0,15,0,0,0,0,0,0,0,0,0,0,0,0,237,0,0,0,0,0,46,0
pandas-ai,0,0,0,0,0,0,0,0,0,4,29,0,0,40,0,0,0,0,0,0,0,0,0,0,0,0,0,77,0,0,0,0,0,0
SwiftLint,0,0,0,0,0,0,0,0,0,6,0,0,0,205,0,0,0,0,0,0,0,0,0,0,0,0,0,0,0,0,0,0,0,0
prefect,0,0,0,0,0,0,0,0,0,7,17,0,0,78,0,0,0,0,0,0,0,0,0,0,0,0,138,135,0,0,0,0,28,0
flameshot,0,0,0,0,0,0,0,0,0,0,0,0,0,181,0,0,0,0,0,0,0,0,0,0,0,0,0,0,0,0,0,0,0,0
MMKV,31,0,0,0,0,0,0,0,0,4,0,0,32,0,12,5,0,0,0,0,0,0,0,0,0,0,0,0,0,0,0,0,0,0
clash-verge-rev,0,0,0,0,0,101,0,0,0,0,0,0,0,383,0,0,0,0,0,0,0,0,0,0,0,0,100,0,0,0,0,0,21,0
Proton,0,0,0,0,0,0,0,0,0,0,0,0,0,0,0,0,0,0,0,0,0,0,0,0,0,0,0,0,0,0,0,0,0,0
tidb,0,0,0,0,0,0,0,0,0,8,0,0,0,0,0,0,0,0,0,0,0,0,0,0,0,0,21,0,0,0,0,0,17,0
qBittorrent,0,0,0,0,0,0,0,0,0,0,0,0,0,0,0,0,0,0,0,0,0,0,0,0,0,0,19,0,0,0,0,0,0,0
react-router,0,0,0,0,0,0,0,0,0,0,0,0,0,186,0,0,0,0,0,0,0,0,0,0,0,0,342,0,0,0,0,0,60,0
bilibili-API-collect,0,0,0,0,0,0,0,0,0,0,0,0,0,11,0,0,0,0,0,0,0,0,0,0,0,0,11,0,0,0,0,0,0,0
fabric,0,0,0,0,0,0,0,0,0,7,6,0,0,46,0,0,0,0,0,0,0,0,0,0,0,0,71,0,0,0,0,0,0,0
mdb-ui-kit,0,0,0,0,0,0,0,0,0,0,0,0,0,0,0,0,0,0,0,0,0,0,0,0,0,0,8,0,0,0,0,0,0,0
mitmproxy,0,0,0,0,0,0,0,0,0,8,0,0,0,152,0,0,0,0,0,0,0,0,0,0,0,0,54,64,0,0,0,0,6,0
faker,0,0,0,0,0,0,0,0,0,0,0,0,0,136,0,0,0,0,0,0,0,0,0,0,0,0,0,0,0,0,0,0,0,0
Apktool,0,0,0,0,0,0,0,0,0,0,0,0,0,58,0,7,0,0,0,0,0,0,0,0,0,0,0,0,0,0,0,0,0,0
cherry-studio,0,0,0,0,0,0,0,0,0,0,0,0,0,139,0,0,0,0,0,0,0,0,0,0,0,0,237,0,0,0,0,0,1,0
CasaOS,0,0,0,0,0,0,0,0,0,0,0,0,0,101,0,0,0,0,0,0,0,0,0,0,0,0,21,0,0,0,0,0,0,0
scikit-learn,0,0,0,0,0,0,45,0,0,0,0,0,0,289,0,0,0,0,0,0,0,0,0,0,0,0,0,75,0,0,0,0,0,0
continue,0,0,0,0,0,23,0,0,0,0,0,0,0,248,6,7,0,0,0,0,0,0,0,0,0,0,602,42,0,0,0,4,38,0
ultralytics,0,0,0,0,0,25,0,0,0,6,0,0,0,323,0,0,0,0,0,0,0,0,0,0,0,0,0,51,0,0,0,0,0,0
headlessui,0,0,0,0,0,0,0,0,0,0,0,0,0,60,0,0,0,0,0,0,0,0,0,0,0,0,127,0,0,0,0,0,39,0
FFmpeg,0,0,0,0,0,0,0,0,0,0,0,0,0,0,0,0,0,0,0,0,0,0,0,0,0,0,0,0,0,0,0,0,0,0
Xray-core,0,0,0,0,0,0,0,0,0,10,0,0,0,77,0,0,0,0,0,0,0,0,0,0,0,0,0,0,0,0,0,0,0,0
fonts,0,0,0,0,0,27,0,0,0,0,0,0,0,61,0,0,0,0,0,0,0,0,0,0,0,0,14,10,0,0,0,0,0,0
rich,0,0,0,0,0,0,0,0,0,0,0,0,0,58,0,0,0,0,0,0,0,0,0,0,0,0,0,30,0,0,0,0,0,0
matplotlib,0,0,0,0,0,0,51,0,0,0,0,0,0,242,0,0,0,0,0,0,0,0,0,0,0,0,10,95,0,0,0,0,0,0
emscripten,0,0,0,0,0,0,324,0,11,0,0,0,0,53,0,0,0,0,0,0,0,0,0,0,0,0,24,22,0,0,0,0,0,0
fuels-rs,0,0,0,0,0,282,0,0,0,0,0,0,0,100,0,0,0,0,0,0,0,0,0,0,0,0,0,0,0,0,0,0,0,0
hexo,0,0,0,0,0,0,0,0,0,0,0,0,0,74,0,0,0,0,0,0,0,0,0,0,0,0,68,0,0,0,0,0,11,0
viper,0,0,0,0,0,0,0,0,0,0,0,0,0,0,0,0,0,0,0,0,0,0,0,0,0,0,0,0,0,0,0,0,0,0
libgdx,2,0,0,0,0,0,0,0,0,3,0,0,0,127,15,7,0,0,0,0,0,0,0,0,0,0,0,0,0,0,0,0,0,0
upscayl,0,0,0,0,0,0,0,0,0,0,0,0,0,47,0,0,0,0,0,0,0,0,0,0,0,0,149,0,0,0,0,0,39,0
spark,0,0,0,0,0,0,0,0,0,8,0,0,0,236,0,0,0,0,0,0,2144,0,0,0,0,0,8,7,0,0,0,0,0,0
glance,0,0,0,0,0,0,0,0,0,7,0,0,0,0,0,0,0,0,0,0,0,0,0,0,0,0,0,0,0,0,0,0,0,0
Folo,0,0,0,0,0,0,0,0,0,0,0,0,0,249,0,0,0,0,0,0,0,0,0,0,0,0,566,0,0,0,0,0,76,0
yew,0,0,0,38,0,179,0,0,0,0,0,0,0,304,0,0,0,0,0,0,0,0,0,0,0,0,58,0,0,0,0,0,2,0
browser-use,0,0,0,0,0,0,0,0,0,10,0,0,0,80,0,0,0,0,0,0,0,0,0,0,0,0,0,44,0,0,0,0,0,0
GSAP,0,0,0,0,0,0,0,0,0,0,0,0,0,0,0,0,0,0,0,0,0,0,0,0,0,0,15,0,0,0,0,0,0,0
hoppscotch,0,0,0,0,0,146,0,0,0,7,109,0,0,211,0,0,0,0,0,0,0,0,0,0,12,0,441,0,0,0,0,0,68,0
locust,0,0,0,0,0,0,0,0,0,9,9,0,0,13,0,0,0,0,0,0,0,0,0,0,0,0,84,61,0,0,0,0,19,0
dokploy,0,0,0,0,0,0,0,0,0,8,0,0,0,99,0,0,0,0,0,0,0,0,0,0,0,0,233,0,0,0,0,0,14,0
infisical,0,0,0,0,0,0,0,0,0,10,217,0,0,209,0,0,0,0,0,16,0,0,0,0,0,0,369,0,0,0,0,0,1,0
open-interpreter,0,0,0,0,0,0,0,0,0,5,0,0,0,22,0,0,0,0,0,0,0,0,0,0,0,0,0,91,0,0,0,0,0,0
tesseract,0,0,0,0,0,0,0,0,0,0,1,0,0,117,0,0,0,0,0,0,0,0,0,0,0,0,0,0,0,0,0,0,0,0
druid,0,0,0,0,0,0,0,0,0,3,16,0,0,11,0,5,0,0,0,0,614,2,0,0,0,0,0,0,0,0,36,6,0,0
puter,0,0,0,0,0,0,0,0,0,8,15,0,0,20,0,0,0,0,0,0,0,0,0,0,0,0,211,0,0,0,0,0,0,0
marker,0,0,0,0,0,0,0,0,0,0,0,0,0,39,0,0,0,0,0,0,0,0,0,0,0,0,0,61,0,0,0,0,0,0
nw.js,0,0,0,0,0,0,0,0,0,0,0,0,0,0,0,0,0,0,0,0,0,0,0,0,0,0,2,0,0,0,0,0,0,0
taichi,0,0,0,0,0,0,0,0,0,0,0,0,0,185,0,0,0,0,0,0,0,0,0,0,3,0,0,5,0,0,0,0,0,0
sniffnet,0,0,0,0,0,77,0,0,0,5,0,0,0,119,0,0,0,0,0,0,0,0,0,0,0,0,0,0,0,0,0,0,0,0
rufus,0,0,0,0,0,0,0,0,0,0,0,0,0,75,0,0,0,0,0,0,0,0,0,0,0,0,0,0,0,0,0,0,0,0
kestra,0,0,0,0,0,0,0,0,0,9,44,0,0,388,5,7,0,0,0,0,0,0,0,0,0,0,140,0,0,0,0,0,0,0
chatgpt-on-wechat,0,0,0,0,0,0,0,0,0,2,17,0,0,27,0,0,0,0,0,0,0,0,0,0,0,0,0,5,0,0,0,0,0,0
zap,0,0,0,0,0,0,0,0,0,0,0,0,0,24,0,0,0,0,0,0,0,0,0,0,0,0,0,0,0,0,0,0,0,0
mdx,0,0,0,13,0,0,0,0,0,0,0,0,0,27,0,0,0,0,0,0,0,0,0,0,0,0,240,0,0,0,0,0,1,0
beekeeper-studio,0,0,0,0,0,0,0,0,0,0,129,0,0,201,0,0,0,0,0,0,0,0,0,0,0,0,314,0,0,0,0,0,29,0
carbon-lang,0,0,0,0,0,0,0,0,0,0,0,0,0,0,0,0,0,0,0,0,0,0,0,0,0,0,45,3,0,0,0,0,9,0
MagicMirror,0,0,0,0,0,0,0,0,0,0,0,0,0,0,0,0,0,0,0,0,0,0,0,0,0,0,89,0,0,0,0,0,0,0
storm,0,0,0,0,0,0,0,0,0,0,0,0,0,13,0,0,0,0,0,0,0,0,0,0,0,0,0,0,0,0,0,0,0,0
kotlin,0,0,0,0,0,0,0,0,0,9,0,0,0,0,93,8,0,0,0,0,511,3,0,0,0,0,11,0,0,0,0,0,0,0
dolt,0,0,0,0,0,0,0,0,0,5,0,0,0,13,0,0,0,0,0,0,0,0,0,0,0,0,7,0,0,0,0,0,0,0
fabric.js,0,0,0,0,0,0,0,0,0,0,0,0,0,155,0,0,0,0,0,0,0,0,0,0,0,0,121,0,0,0,0,0,23,0
surrealdb,0,0,0,0,0,502,0,0,0,9,0,0,0,668,0,0,0,0,0,0,0,0,0,0,0,0,0,0,0,0,0,0,0,0
ScreenToGif,0,0,0,0,0,0,0,0,0,0,0,0,0,8,0,0,0,0,0,0,0,0,0,0,0,0,0,0,0,0,0,0,0,0
grpc-go,0,0,0,0,0,0,0,0,0,6,0,0,0,73,0,0,0,0,0,0,0,0,0,0,0,0,0,0,0,0,0,0,0,0
vimium,0,0,0,0,0,0,0,0,0,0,0,0,0,0,0,0,0,0,0,0,0,0,0,0,0,0,0,0,0,0,0,0,0,0
ignite,0,0,0,0,0,0,70,0,0,0,0,0,0,0,0,0,0,0,0,0,0,0,0,0,0,0,131,0,0,0,0,0,42,0
ansible,0,0,0,0,0,0,0,0,0,0,0,0,0,0,0,0,0,0,0,0,0,0,0,0,0,0,0,28,0,0,0,0,0,0
d2,0,0,0,0,0,0,0,0,0,10,0,0,0,43,0,0,0,0,0,0,0,0,0,0,0,0,29,0,0,0,0,0,0,0
ant-design-vue,0,0,0,0,0,0,0,0,0,0,0,0,0,72,0,0,0,0,0,0,0,0,0,0,0,0,274,0,0,0,0,0,36,0
solid,0,0,0,0,0,0,0,0,0,0,0,0,0,15,0,0,0,0,0,0,0,0,0,0,0,0,226,0,0,0,0,0,17,0
htmx,0,0,0,0,0,0,0,0,0,0,0,0,0,8,0,0,0,0,0,0,0,0,0,0,5,0,78,0,0,0,0,0,0,0
iina,0,0,0,0,0,0,0,0,0,0,0,0,0,14,0,0,0,0,0,0,0,0,0,0,0,0,0,0,0,0,0,0,0,0
gum,0,0,0,0,0,0,0,0,0,3,0,0,0,55,0,0,0,0,0,0,0,0,0,0,0,0,0,0,0,0,0,0,0,0
3x-ui,0,0,0,0,0,0,0,0,0,9,9,0,0,33,0,0,0,0,0,0,0,0,0,0,0,0,0,0,0,0,0,0,0,0
crawlee,0,0,0,0,0,0,0,0,0,5,0,0,0,103,0,0,0,0,0,0,0,0,0,0,0,0,248,0,0,0,0,0,21,0
hyperswitch,0,0,0,0,0,511,0,0,0,9,295,0,0,272,0,0,0,0,0,0,0,0,0,0,0,0,4,0,0,80,0,0,0,0
pandoc,0,0,0,0,0,0,0,0,0,0,0,0,0,77,0,0,0,0,0,0,0,0,0,0,0,0,0,0,0,0,0,0,0,0
stb,0,0,0,0,0,0,0,0,0,0,0,0,0,11,0,0,0,0,0,0,0,0,0,0,0,0,0,0,0,0,0,4,0,0
Qwen3,0,0,0,0,0,0,0,0,0,0,0,0,0,20,0,0,0,0,0,0,0,0,0,0,0,0,0,0,0,0,0,0,0,0
postcss,0,0,0,0,0,0,0,0,0,0,0,0,0,15,0,0,0,0,0,0,0,0,0,0,0,0,90,0,0,0,0,0,6,0
parse-server,0,0,0,0,0,0,0,0,0,9,0,0,0,234,0,0,0,0,0,0,0,0,0,0,0,0,147,0,0,0,0,0,0,0
vim,0,0,0,0,0,0,0,0,0,0,0,0,0,127,0,0,0,0,0,0,0,0,0,0,0,0,0,0,0,0,0,0,0,0
esbuild,0,0,0,0,0,0,0,0,0,0,0,0,0,69,0,0,0,0,0,0,0,0,0,0,0,0,89,0,0,0,0,0,1,0
sharp,0,0,0,0,0,0,0,0,0,0,0,0,0,109,0,0,0,0,0,0,0,0,0,0,0,0,122,0,0,0,0,0,4,0
k6,0,0,0,0,0,0,0,0,0,8,41,0,0,187,0,0,0,0,0,0,0,0,0,0,0,0,0,0,0,0,0,0,0,0
lux,0,0,0,0,0,0,0,0,0,0,0,0,0,71,0,0,0,0,0,0,0,0,0,0,0,0,0,0,0,0,0,0,0,0
prisma,0,0,0,0,0,0,0,0,0,4,160,0,0,235,0,0,0,0,0,0,0,0,0,0,0,0,511,0,0,0,0,0,24,0
OpenAPI-Specification,0,0,0,0,0,0,0,0,0,0,0,0,0,20,0,0,0,0,0,0,0,0,0,0,0,0,20,0,0,0,0,0,0,0
homebrew-cask,0,0,0,0,0,0,0,0,0,0,0,0,0,265,0,0,0,0,0,0,0,0,0,0,0,0,0,0,0,0,0,0,0,0
core,0,0,0,0,0,0,0,0,0,0,0,0,0,135,0,0,0,0,0,0,0,0,0,0,0,0,0,0,0,0,0,0,0,0
lx-music-desktop,0,0,0,0,0,0,0,0,0,0,0,0,0,52,0,0,0,0,0,0,0,0,0,0,0,0,180,0,0,0,0,0,0,0
v2ray-core,0,0,0,0,0,0,0,0,0,0,0,0,0,108,0,0,0,0,0,0,0,0,0,0,0,0,0,0,0,0,0,0,0,0
age,0,0,0,0,0,0,0,0,0,0,0,0,0,55,0,0,0,0,0,0,0,0,0,0,0,0,0,0,0,0,0,0,0,0
react-testing-library,0,0,0,0,0,0,0,0,0,0,0,0,0,36,0,0,0,0,0,0,0,0,0,0,0,0,68,0,0,0,0,0,4,0
ip2region,0,0,0,0,0,18,0,0,0,0,0,0,0,0,0,0,0,0,0,0,80,0,0,0,0,0,46,0,0,0,0,0,5,0
text-generation-webui,0,0,0,0,0,0,0,0,0,8,20,0,0,86,0,0,0,0,0,0,0,0,0,0,0,0,0,0,0,0,0,0,0,0
SmsForwarder,69,0,0,0,0,0,0,0,0,0,0,0,0,30,9,5,0,0,0,0,0,0,0,0,0,0,0,0,0,0,0,0,0,0
metabase,0,25,0,0,0,0,0,0,0,8,170,0,0,2735,0,0,0,0,0,0,0,0,0,0,0,0,547,0,0,0,0,0,45,0
appsmith,0,0,0,3,0,0,0,0,0,7,9,0,0,682,0,0,0,1,0,0,614,0,0,0,0,0,580,0,0,2,2,0,72,0
angular,0,773,0,0,0,0,0,13,0,0,0,0,0,198,0,0,0,0,0,0,0,0,0,0,0,10,511,0,0,0,0,0,64,0
hello-algo,0,0,0,0,0,7,0,0,0,8,12,0,0,44,0,0,0,0,0,0,0,0,0,0,0,0,5,0,0,0,0,0,0,0
p5.js,0,0,0,0,0,0,0,0,0,0,0,0,0,56,0,0,0,0,0,0,0,0,0,0,0,0,91,0,0,0,0,0,0,0
air,0,0,0,0,0,0,0,0,0,5,0,0,0,43,0,0,0,0,0,0,0,0,0,0,0,0,0,0,0,0,0,0,0,0
motion,0,0,0,0,0,0,58,7,0,2,0,0,0,7,0,0,0,0,0,0,0,0,0,0,0,0,168,0,0,0,0,0,62,0
ColossalAI,0,0,0,0,0,0,0,0,0,3,0,0,0,276,0,0,0,0,0,0,0,0,0,0,0,0,0,0,0,0,0,0,0,0
swr,0,0,0,0,0,0,0,0,0,0,0,0,0,16,0,0,0,0,0,0,0,0,0,0,0,0,124,0,0,0,0,0,42,0
plane,0,0,0,0,0,0,0,0,0,4,336,0,0,361,0,0,0,0,0,0,0,0,0,0,0,25,237,27,25,0,0,0,58,0
mongoose,0,0,0,0,0,0,0,0,0,0,0,0,0,62,0,0,0,0,0,0,0,0,0,0,0,0,128,0,0,0,0,0,4,0
signoz,0,0,0,0,0,0,0,0,0,6,0,0,0,15,0,0,0,0,0,0,0,0,0,0,0,0,235,0,0,0,0,0,44,0
PaddleOCR,18,0,0,0,0,0,0,0,0,6,0,0,0,25,2,5,0,0,0,0,0,0,0,0,0,0,0,20,0,0,0,0,0,0
bulletproof-react,0,0,0,0,0,0,0,0,0,0,0,0,0,22,0,0,0,0,0,0,0,0,0,0,0,0,119,0,0,0,0,0,29,0
hhvm,0,0,0,0,0,732,5,0,0,8,0,0,0,255,0,0,0,0,0,0,182,0,0,0,0,0,57,8,0,0,0,0,0,0
zx,0,0,0,0,0,0,0,0,0,4,0,0,0,127,0,0,0,0,0,0,0,0,0,0,0,0,130,0,0,0,0,0,14,0
Signal-Android,97,0,0,0,0,0,0,0,0,3,0,0,0,41,5,6,0,0,0,0,0,0,0,0,0,0,0,0,0,0,0,0,0,0
dash,0,0,0,0,0,0,278,0,0,0,0,0,0,14,0,0,0,0,0,0,0,0,0,0,0,0,255,0,0,0,0,0,35,0
linux-insides,0,0,0,0,0,0,0,0,0,3,0,0,0,0,0,0,0,0,0,0,0,0,0,0,0,0,0,0,0,0,0,0,0,0
graphql-engine,0,0,0,0,0,324,507,0,0,10,207,0,0,20,0,0,0,0,0,54,31,0,0,0,1,0,528,0,0,0,0,43,52,0
crawl4ai,0,0,0,0,0,0,0,0,0,9,44,0,0,14,0,0,0,0,0,0,0,0,0,0,0,0,0,24,0,0,0,0,0,0
echo,0,0,0,0,0,0,0,0,0,0,0,0,0,30,0,0,0,0,0,0,0,0,0,0,0,0,0,0,0,0,0,0,0,0
simdjson,0,0,0,0,0,11,142,0,0,5,0,0,0,141,0,0,0,0,0,0,0,0,0,0,0,0,7,0,0,0,0,15,0,0
vant-weapp,0,0,0,16,0,0,0,0,0,0,0,0,0,9,0,0,0,0,0,0,0,0,0,0,0,0,53,0,0,0,0,0,20,0
deepface,0,0,0,0,0,0,0,0,0,7,0,0,0,0,0,0,0,0,0,0,0,0,0,0,0,0,0,0,0,0,0,0,0,0
fastlane,14,0,0,0,0,0,162,0,0,0,0,0,0,82,4,5,0,0,0,0,0,0,0,0,0,0,0,0,0,0,0,2,0,0
wechaty,0,0,0,0,0,0,0,0,0,6,0,0,0,42,0,0,0,0,0,0,0,0,0,0,0,0,105,0,0,0,0,0,0,0
mindsdb,0,0,0,0,0,0,0,0,47,3,84,0,0,215,0,0,0,0,0,0,0,0,0,0,0,0,2,9,0,0,0,0,0,0
vaultwarden,0,0,0,0,0,204,0,0,0,9,0,0,0,145,0,0,0,0,0,0,0,0,0,0,0,0,0,0,0,0,0,0,0,0
jotai,0,0,0,0,0,0,0,0,0,0,0,0,0,49,0,0,0,0,0,0,0,0,0,0,0,0,176,0,0,0,0,0,20,0
gitbook,0,0,0,0,0,0,0,0,0,0,0,0,0,0,0,0,0,0,0,0,0,0,0,0,0,0,166,0,0,0,0,0,20,0
coreutils,0,0,0,0,0,899,0,0,0,2,0,0,0,626,0,0,0,0,0,0,0,0,0,0,0,0,0,0,0,0,0,0,0,0
ha_xiaomi_home,0,0,0,0,0,0,0,0,0,0,0,0,0,0,0,0,0,0,0,0,0,0,0,0,0,0,0,0,0,0,0,0,0,0
vim-airline,0,0,0,0,0,0,0,0,0,0,0,0,0,21,0,0,0,0,0,0,0,0,0,0,0,0,0,0,0,0,0,0,0,0
retrofit,0,0,0,0,0,0,0,0,0,0,0,0,0,58,19,7,0,0,0,0,0,0,0,0,0,0,12,0,0,0,0,0,4,0
openssl,0,0,0,0,0,0,0,0,0,0,0,0,0,577,0,0,0,0,0,0,0,0,0,0,0,0,0,0,0,0,0,0,0,0
ember.js,0,0,0,0,0,0,0,0,0,0,0,0,0,189,0,0,0,0,0,0,0,0,0,0,0,0,450,0,0,0,0,0,21,0
searxng,0,0,0,0,0,0,0,0,0,3,0,0,0,189,0,0,0,0,0,0,0,0,0,0,0,0,41,0,0,0,0,0,35,0
RevokeMsgPatcher,0,0,0,0,0,0,0,0,0,0,0,0,0,18,0,0,0,0,0,0,0,0,0,0,0,0,0,0,0,0,0,0,0,0
keycloak,0,0,4,0,0,0,0,0,0,10,0,0,0,616,0,0,0,0,0,0,2136,3,0,0,0,0,169,0,0,0,71,0,25,0
n,0,0,0,0,0,0,0,0,0,0,0,0,0,0,0,0,0,0,0,0,0,0,0,0,0,0,16,0,0,0,0,0,0,0
ShareX,0,0,0,0,0,0,0,0,0,0,0,0,0,61,0,0,0,0,0,0,0,0,0,0,0,0,0,0,0,0,0,0,0,0
Flowise,0,0,0,0,0,0,0,0,0,9,106,0,0,65,0,0,0,0,0,0,0,0,0,0,0,0,437,0,0,0,0,0,0,0
generative-models,0,0,0,0,0,0,0,0,0,0,0,0,0,8,0,0,0,0,0,0,0,0,0,0,0,0,0,14,0,0,0,0,0,0
llamafile,0,0,0,0,0,0,0,0,0,0,0,0,0,28,0,0,0,0,0,0,0,0,0,0,0,0,0,0,0,0,0,0,0,0
solidity,0,0,0,0,0,0,0,0,0,6,0,0,0,48,0,0,0,0,0,0,0,0,0,0,0,0,0,0,0,0,0,0,0,0
koreader,0,0,0,0,0,0,35,0,0,0,0,0,0,31,0,0,0,0,0,0,0,0,0,0,0,0,0,0,0,0,0,0,0,0
youtube-dl,0,0,0,0,0,0,0,0,0,0,0,0,0,78,0,0,0,0,0,0,0,0,0,0,0,0,0,0,0,0,0,0,0,0
LazyVim,0,0,0,0,0,0,0,0,0,0,0,0,0,20,0,0,0,0,0,0,0,0,0,0,0,0,0,0,0,0,0,0,0,0
anything-llm,0,0,0,0,0,0,0,0,0,8,15,0,0,0,0,0,0,0,0,0,0,0,0,0,0,0,169,0,0,0,0,0,0,0
netty,4,0,0,0,0,0,0,0,0,4,0,0,0,364,0,0,0,0,0,0,1831,2,0,0,0,0,0,0,0,0,0,0,0,0
detectron2,0,0,0,0,0,0,0,0,0,6,11,0,0,108,0,0,0,0,0,0,0,0,0,0,0,0,0,0,0,0,0,0,0,0
NativeScript,26,0,0,0,0,0,0,0,0,0,0,0,0,58,2,5,0,0,0,0,0,0,0,0,0,0,230,0,0,0,0,0,35,0
hiddify-app,41,0,0,0,0,0,0,0,0,0,0,0,114,152,3,5,0,0,0,0,0,0,0,0,0,0,0,0,0,0,0,0,0,0
Catch2,0,0,0,0,0,0,0,0,0,0,0,0,0,39,0,0,0,0,0,0,0,0,0,0,0,0,0,0,0,0,0,0,0,0
cloc,0,0,0,0,0,0,0,0,0,6,0,0,0,38,0,0,0,0,0,0,0,0,0,0,0,0,0,0,0,0,0,0,0,0
julia,0,0,0,0,0,0,0,0,0,0,0,0,0,45,0,0,0,0,0,0,0,0,0,0,0,0,0,0,0,0,0,0,0,0
glow,0,0,0,0,0,0,0,0,0,3,0,0,0,42,0,0,0,0,0,0,0,0,0,0,0,0,0,0,0,0,0,0,0,0
wails,0,0,0,0,0,0,0,0,0,0,0,0,0,170,0,0,0,0,0,0,0,0,0,0,0,0,80,0,0,0,0,0,35,0
langflow,0,0,0,0,0,0,0,0,1,8,190,0,0,1127,0,0,0,0,0,0,0,0,0,0,0,17,176,92,0,0,0,0,57,0
fx,0,0,0,0,0,0,0,0,0,6,0,0,0,29,0,0,0,0,0,0,0,0,0,0,0,0,8,0,0,0,0,0,0,0
openui,0,0,0,0,0,0,0,0,0,6,0,0,0,110,0,0,0,0,0,0,0,0,0,0,0,0,143,17,0,0,0,0,21,0
insightface,15,0,0,0,0,0,0,0,0,2,68,0,0,0,3,5,0,0,0,0,0,0,0,0,0,0,0,2,0,0,0,0,0,0
DeepSeek-V3,0,0,0,0,0,0,0,0,0,0,0,0,0,16,0,0,0,0,0,0,0,0,0,0,0,0,0,0,0,0,0,0,0,0
screenshot-to-code,0,0,0,0,0,0,0,0,0,7,10,0,0,0,0,0,0,0,0,0,0,0,0,0,0,0,74,26,0,0,0,0,0,0
gpt-researcher,0,0,0,0,0,0,0,0,0,8,42,0,0,141,0,0,0,0,0,0,0,0,0,0,0,0,119,55,0,0,0,0,22,0
qlib,0,0,0,0,0,0,0,0,0,5,0,0,0,49,0,0,0,0,0,0,0,0,0,0,0,0,0,15,0,0,0,0,0,0
oh-my-posh,0,0,0,0,0,0,0,0,0,4,0,0,0,175,0,0,0,0,0,0,0,0,0,0,0,0,32,0,0,0,0,0,0,0
ant-design,0,0,0,0,0,0,0,0,0,0,0,0,0,460,0,0,0,0,0,0,0,0,0,0,0,0,313,0,0,0,0,0,46,0
folly,0,0,0,0,0,0,0,0,0,0,0,0,0,39,0,0,0,0,0,0,0,0,0,0,0,0,0,0,0,0,0,0,0,0
zod,0,0,0,0,0,0,0,0,0,0,0,0,0,31,0,0,0,0,0,0,0,0,0,0,0,0,174,0,0,0,0,0,34,0
compose-multiplatform,28,0,0,0,0,0,0,0,0,7,0,0,0,23,53,7,0,0,0,0,0,0,0,0,0,0,0,0,0,0,0,0,0,0
yup,0,0,0,0,0,0,0,0,0,0,0,0,0,9,0,0,0,0,0,0,0,0,0,0,0,0,76,0,0,0,0,0,4,0
slate,0,0,0,0,0,0,0,0,0,0,0,0,0,79,0,0,0,0,0,0,0,0,0,0,0,0,156,0,0,0,0,0,31,0
ExplorerPatcher,0,0,0,0,0,0,0,0,0,0,0,0,0,44,0,0,0,0,0,0,0,0,0,0,0,0,0,0,0,0,0,0,0,0
XX-Net,0,0,0,0,0,0,0,0,29,0,0,0,0,36,0,0,0,0,0,0,0,0,0,0,0,0,0,0,0,0,0,0,0,0
Dapper,0,0,0,0,0,0,0,0,0,0,0,0,0,42,0,0,0,0,0,0,0,0,0,0,0,0,0,0,0,0,0,0,0,0
playwright,5,0,0,0,0,0,0,0,0,0,0,0,0,150,6,5,0,0,0,0,21,0,0,0,0,0,233,0,0,0,0,0,0,0
kotaemon,0,0,0,0,0,0,0,0,56,7,0,0,0,0,0,0,0,0,0,0,0,0,0,0,0,0,0,25,0,0,0,0,0,0
sequelize,0,0,0,0,0,0,0,0,0,0,64,0,0,245,0,0,0,0,0,0,0,0,0,0,0,0,248,0,0,0,0,0,7,0
ai-hedge-fund,0,0,0,0,0,0,0,0,0,6,63,0,0,0,0,0,0,0,0,0,0,0,0,0,0,0,47,39,0,0,0,0,0,0
OCRmyPDF,0,0,0,0,0,0,0,0,0,6,9,0,0,119,0,0,0,0,0,0,0,0,0,0,0,0,0,43,0,0,0,0,0,0
imgui,12,0,0,0,0,0,0,0,0,0,0,0,0,46,0,0,0,0,0,0,0,0,0,0,0,0,0,0,0,0,0,0,0,0
bettercap,0,0,0,0,0,0,0,0,0,7,0,0,0,39,0,0,0,0,0,0,0,0,0,0,0,0,0,0,0,0,0,0,0,0
serve,0,0,0,0,0,0,0,0,0,4,0,0,0,569,0,0,0,0,0,0,0,0,0,0,0,0,0,2,0,0,0,0,0,0
unsloth,0,0,0,0,0,0,0,0,0,0,0,0,0,11,0,0,0,0,0,0,0,0,0,0,0,0,0,105,0,0,0,0,0,0
valkey,0,0,0,0,0,0,0,0,0,0,0,0,0,638,0,0,0,0,0,0,0,0,0,0,0,0,0,0,0,0,0,17,0,0
typeorm,0,0,0,0,0,0,0,0,0,0,67,0,0,65,0,0,0,0,0,0,0,0,0,0,0,0,227,0,0,0,0,0,35,0
dub,0,0,0,0,0,0,0,0,0,0,23,0,0,17,0,0,0,0,0,0,0,0,0,0,0,0,281,0,0,0,0,0,52,0
wiki,0,0,0,0,0,0,0,9,0,8,31,0,0,110,0,0,0,0,0,0,0,0,0,0,0,0,347,0,0,0,0,0,0,0
lottie-ios,0,0,0,0,0,0,0,0,0,0,0,0,0,94,0,0,0,0,0,0,0,0,0,0,0,0,9,0,0,0,0,0,0,0
sqlmap,0,0,0,0,0,0,0,0,346,0,0,0,0,0,0,0,0,0,0,0,0,0,0,0,0,0,0,0,0,0,0,0,0,0
composer,0,0,0,0,0,0,0,0,0,0,0,0,0,83,0,0,0,0,0,0,0,0,0,0,0,0,0,0,0,0,0,0,0,0
ruff,0,0,0,0,0,559,0,0,0,7,0,0,0,413,0,0,0,0,0,0,0,0,0,0,0,0,60,69,0,0,0,0,20,0
traefik,0,0,0,0,0,0,0,0,0,7,37,0,0,32,0,0,0,0,0,0,0,0,0,0,0,0,75,0,0,0,0,0,0,0
ml-agents,0,0,0,0,0,0,0,0,0,5,0,0,0,73,0,0,0,0,0,0,0,0,0,0,0,0,11,0,0,0,0,0,0,0
WordPress,0,0,0,0,0,0,0,0,0,0,0,0,0,0,0,0,0,0,0,0,0,0,0,0,0,0,68,0,0,0,0,0,0,0
AFFiNE,28,0,0,0,0,307,0,0,0,7,22,0,0,554,4,7,0,0,0,0,0,0,0,0,0,44,1125,0,0,0,0,0,35,0
libuv,0,0,0,0,0,0,0,0,0,0,0,0,0,107,0,0,0,0,0,0,0,0,0,0,0,0,0,0,0,0,0,0,0,0
open-r1,0,0,0,0,0,0,0,0,0,0,0,0,0,0,0,0,0,0,0,0,0,0,0,0,0,0,0,0,0,0,0,0,0,0
cmder,0,0,0,0,0,0,0,0,0,0,0,0,0,63,0,0,0,0,0,0,0,0,0,0,0,0,0,0,0,0,0,0,0,0
protobuf,0,0,0,0,0,0,0,0,0,0,0,0,2,94,0,0,0,0,0,0,216,0,0,0,0,0,0,0,0,0,0,0,0,0
reveal.js,0,0,0,0,0,0,0,0,0,0,0,0,0,8,0,0,0,0,0,0,0,0,0,0,0,0,65,0,0,0,0,0,0,0
handsontable,0,159,0,0,0,0,0,0,0,4,0,0,0,172,0,0,0,0,0,0,0,0,0,0,5,14,505,0,0,0,0,0,59,0
litellm,0,0,0,0,0,0,467,0,0,11,38,0,0,240,0,0,0,0,0,8,0,0,0,0,0,0,102,135,0,0,0,0,21,0
OpenBB,0,0,0,0,0,67,0,0,1,0,0,0,0,169,0,0,0,0,0,0,0,0,0,0,0,0,100,237,0,0,0,0,36,0
tabler-icons,0,0,0,0,0,0,0,0,0,0,0,0,0,50,0,0,0,0,0,0,0,0,0,0,0,0,184,0,0,0,0,0,21,0
dokku,0,0,0,0,0,0,4,0,0,9,0,0,0,188,0,0,0,0,0,0,0,0,0,0,0,17,0,0,0,0,0,0,0,0
openwrt,0,0,0,0,0,0,0,0,0,0,0,0,0,101,0,0,0,0,0,0,0,0,0,0,0,0,0,0,0,0,0,0,0,0
swiper,0,0,0,0,0,0,0,0,0,0,0,0,0,25,0,0,0,0,0,0,0,0,0,0,0,0,197,0,0,0,0,0,0,0
spring-framework,0,0,0,21,0,0,0,0,0,0,0,0,0,188,10,7,0,0,0,0,0,0,0,0,0,0,7,0,0,0,0,0,0,0
tokio,0,0,0,0,0,162,0,0,0,0,0,0,0,457,0,0,0,0,0,0,0,0,0,0,6,0,0,0,0,0,0,0,0,0
ente,54,0,0,0,0,57,0,0,0,9,6,0,294,298,3,7,0,0,0,0,0,0,0,0,0,13,159,5,0,0,0,0,8,0
remotion,0,0,0,0,0,16,0,0,0,8,0,0,0,109,0,0,0,0,0,0,0,0,0,0,0,0,2441,0,0,0,0,0,89,0
WxJava,0,0,0,0,0,0,5,0,0,0,0,0,0,23,0,0,0,0,0,0,408,1,0,0,0,0,0,0,0,0,0,6,0,0
SDWebImage,0,0,0,0,0,0,0,0,0,0,0,0,0,69,0,0,0,0,0,0,0,0,0,0,0,0,0,0,0,0,0,0,0,0
