project_name,total_contributors,num_core_contributors,num_config_contributors,num_config_core,num_config_non_core,pct_config_are_core,total_config_commits,config_commits_by_core,config_commits_by_non_core,pct_config_commits_by_core
1Panel,78,2,25,2,23,8.0,699,629,70,89.9856938483548
3x-ui,112,5,63,5,58,7.936507936507936,411,282,129,68.61313868613139
APIJSON,81,1,15,1,14,6.666666666666667,297,279,18,93.93939393939394
AdGuardHome,104,6,40,6,34,15.0,1145,955,190,83.4061135371179
AdminLTE,114,4,19,4,15,21.052631578947366,467,434,33,92.93361884368309
Aerial,60,2,9,2,7,22.22222222222222,271,233,38,85.97785977859779
AgentGPT,71,2,35,2,33,5.714285714285714,329,263,66,79.93920972644378
Alamofire,278,7,16,4,12,25.0,193,181,12,93.78238341968913
AnotherRedisDesktopManager,39,1,4,1,3,25.0,220,217,3,98.63636363636363
Anuken_Mindustry,722,13,567,13,554,2.2927689594356258,9064,6457,2607,71.2378640776699
Apktool,116,2,29,2,27,6.896551724137931,396,336,60,84.84848484848484
Apollo-11,200,86,3,1,2,33.33333333333333,31,29,2,93.54838709677419
AppFlowy-IO_AppFlowy,375,7,254,7,247,2.7559055118110236,3114,2506,608,80.4752729608221
ArchiveBox,134,1,29,1,28,3.4482758620689653,950,847,103,89.15789473684211
Avalonia,529,10,91,10,81,10.989010989010989,1768,1455,313,82.29638009049773
BabylonJS_Babylon.js,654,17,191,17,174,8.900523560209423,7070,6098,972,86.25176803394625
Bend,47,3,13,3,10,23.076923076923077,289,234,55,80.96885813148789
Bilibili-Evolved,71,2,17,2,15,11.76470588235294,1979,1922,57,97.11975745325923
BitNet,14,6,2,2,0,100.0,2,2,0,100.0
Budibase_budibase,119,9,70,9,61,12.857142857142856,16308,12768,3540,78.29286239882266
CasaOS,25,2,11,2,9,18.181818181818183,187,140,47,74.8663101604278
Catch2,418,2,21,2,19,9.523809523809524,144,103,41,71.52777777777779
Chart.js,514,14,51,12,39,23.52941176470588,571,522,49,91.41856392294221
Charts,186,4,11,4,7,36.36363636363637,93,86,7,92.47311827956989
Chat2DB,47,4,20,4,16,20.0,1103,996,107,90.29918404351768
ChatTTS,55,6,3,1,2,33.33333333333333,35,33,2,94.28571428571428
ChromeAppHeroes,4,1,2,1,1,50.0,145,135,10,93.10344827586206
Clash-for-Windows_Chinese,3,1,2,1,1,50.0,35,22,13,62.857142857142854
CodeEdit,140,13,28,10,18,35.714285714285715,266,230,36,86.46616541353383
ColossalAI,196,28,52,23,29,44.230769230769226,411,362,49,88.07785888077859
ComfyUI,226,5,22,5,17,22.727272727272727,216,181,35,83.79629629629629
CopilotKit_CopilotKit,115,6,29,6,23,20.689655172413794,1249,1133,116,90.71257005604484
CyberChef,200,8,109,8,101,7.339449541284404,1615,1358,257,84.08668730650155
CymChad_BaseRecyclerViewAdapterHelper,48,4,22,4,18,18.181818181818183,328,273,55,83.23170731707317
Dapper,224,12,12,5,7,41.66666666666667,224,211,13,94.19642857142857
Deep-Live-Cam,51,3,11,2,9,18.181818181818183,27,16,11,59.25925925925925
DeepSeek-V3,26,13,4,4,0,100.0,4,4,0,100.0
DeepSpeech,150,5,26,4,22,15.384615384615385,722,680,42,94.18282548476455
DeepSpeed,390,50,51,31,20,60.78431372549019,431,410,21,95.1276102088167
DoKit,140,18,62,18,44,29.03225806451613,600,497,103,82.83333333333334
Docker-OSX,55,3,17,3,14,17.647058823529413,236,203,33,86.01694915254238
Dokploy_dokploy,231,9,102,9,93,8.823529411764707,1593,1301,292,81.66980539861896
Ehviewer_CN_SXJ,16,2,14,2,12,14.285714285714285,186,147,39,79.03225806451613
ExplorerPatcher,13,2,5,2,3,40.0,42,38,4,90.47619047619048
FFmpeg,2097,38,26,14,12,53.84615384615385,83,50,33,60.24096385542169
FastChat,243,73,34,23,11,67.64705882352942,137,126,11,91.97080291970804
FastGPT,144,4,56,4,52,7.142857142857142,936,801,135,85.57692307692307
Files,295,15,33,12,21,36.36363636363637,300,259,41,86.33333333333333
FiraCode,128,14,8,1,7,12.5,27,20,7,74.07407407407408
FlClash,2,1,2,1,1,50.0,131,130,1,99.23664122137404
Flowise,239,12,102,12,90,11.76470588235294,1133,961,172,84.81906443071492
Folo,139,3,68,3,65,4.411764705882353,1514,1268,246,83.75165125495376
FreeTubeApp_FreeTube,657,69,594,69,525,11.616161616161616,6597,5175,1422,78.44474761255115
GPT-SoVITS,97,11,22,9,13,40.909090909090914,110,89,21,80.9090909090909
GSAP,3,2,2,2,0,100.0,104,104,0,100.0
GSYVideoPlayer,25,1,4,1,3,25.0,341,313,28,91.78885630498533
Genesis,63,11,15,8,7,53.333333333333336,84,73,11,86.90476190476191
GoogleChrome_lighthouse,362,8,139,8,131,5.755395683453238,2495,2032,463,81.44288577154309
GyulyVGC_sniffnet,67,1,16,1,15,6.25,662,588,74,88.82175226586104
HanLP,49,1,4,1,3,25.0,102,99,3,97.05882352941177
HandBrake,140,6,22,5,17,22.727272727272727,681,604,77,88.69309838472834
HikariCP,156,1,25,1,24,4.0,566,520,46,91.87279151943463
HumanSignal_label-studio,148,13,63,13,50,20.634920634920633,2638,2331,307,88.36239575435937
Hyprland,487,13,44,5,39,11.363636363636363,304,240,64,78.94736842105263
ILSpy,148,4,18,3,15,16.666666666666664,352,298,54,84.6590909090909
IOPaint,23,1,5,1,4,20.0,137,122,15,89.05109489051095
Ice,12,1,1,1,0,100.0,40,40,0,100.0
ImHex,156,1,40,1,39,2.5,708,540,168,76.27118644067797
Infisical_infisical,216,8,98,8,90,8.16326530612245,3714,3124,590,84.11416262789444
Inquirer.js,237,4,50,4,46,8.0,722,661,61,91.55124653739612
Iosevka,80,1,27,1,26,3.7037037037037033,2299,2059,240,89.56067855589387
Jobs_Applier_AI_Agent_AIHawk,9,1,1,1,0,100.0,2,2,0,100.0
KaTeX,166,9,38,9,29,23.684210526315788,502,449,53,89.44223107569721
Karabiner-Elements,52,1,19,1,18,5.263157894736842,681,659,22,96.76945668135095
Kingfisher,235,1,7,1,6,14.285714285714285,239,232,7,97.07112970711297
Kong_insomnia,340,9,93,9,84,9.67741935483871,2401,2093,308,87.17201166180757
LLMs-from-scratch,48,1,9,1,8,11.11111111111111,106,88,18,83.01886792452831
LLaMA-Factory,205,2,45,2,43,4.444444444444445,398,318,80,79.89949748743719
Langchain-Chatchat,174,5,24,5,19,20.833333333333336,266,184,82,69.17293233082707
LazyVim,281,14,7,3,4,42.857142857142854,61,57,4,93.44262295081968
Leaflet,943,37,42,17,25,40.476190476190474,379,353,26,93.13984168865436
LibreChat,220,5,67,5,62,7.462686567164178,923,781,142,84.61538461538461
LightRAG,164,6,32,6,26,18.75,293,215,78,73.37883959044369
LocalAI,135,1,39,1,38,2.564102564102564,1531,1400,131,91.4435009797518
LunarVim,312,15,31,10,21,32.25806451612903,235,212,23,90.2127659574468
MMKV,54,1,9,1,8,11.11111111111111,230,215,15,93.47826086956522
MPAndroidChart,80,2,18,2,16,11.11111111111111,247,213,34,86.23481781376519
MagicMirror,348,33,154,28,126,18.181818181818183,1447,1225,222,84.65791292328957
Magisk,318,5,201,5,196,2.4875621890547266,2030,1161,869,57.19211822660098
MediaCrawler,55,3,4,1,3,25.0,13,9,4,69.23076923076923
MetaGPT,151,14,61,14,47,22.950819672131146,827,638,189,77.14631197097944
MinerU,62,2,24,2,22,8.333333333333332,620,523,97,84.35483870967741
MiniCPM-o,40,9,5,4,1,80.0,13,12,1,92.3076923076923
Mobile-Security-Framework-MobSF,96,2,29,2,27,6.896551724137931,547,499,48,91.22486288848263
MoneyPrinterTurbo,32,2,15,2,13,13.333333333333334,139,109,30,78.41726618705036
NaiboWang_EasySpider,8,1,1,1,0,100.0,333,333,0,100.0
NationalSecurityAgency_ghidra,362,7,39,7,32,17.94871794871795,1141,976,165,85.53900087642418
NativeScript_NativeScript,255,15,84,15,69,17.857142857142858,2202,1922,280,87.28428701180745
NervJS_taro,708,26,164,26,138,15.853658536585366,4063,3535,528,87.00467634752646
NewPipe,946,102,792,101,691,12.75252525252525,7017,5258,1759,74.93230725381217
NextChat,283,25,73,18,55,24.65753424657534,470,389,81,82.76595744680851
NginxProxyManager_nginx-proxy-manager,235,15,133,13,120,9.774436090225564,821,639,182,77.83191230207065
NvChad,195,8,9,3,6,33.33333333333333,36,24,12,66.66666666666666
OCRmyPDF,110,1,14,1,13,7.142857142857142,518,493,25,95.17374517374517
OI-wiki,1012,79,139,63,76,45.32374100719424,1303,1155,148,88.6415963161934
OSX-KVM,14,6,2,1,1,50.0,8,7,1,87.5
OmniParser,6,2,2,2,0,100.0,12,12,0,100.0
OpenAPI-Specification,239,12,72,11,61,15.277777777777779,918,735,183,80.06535947712419
OpenAPITools_openapi-generator,3299,372,1082,298,784,27.54158964879852,6576,5623,953,85.50790754257908
OpenBB-finance_OpenBB,253,14,98,14,84,14.285714285714285,2279,1863,416,81.74637999122422
OpenClash,76,1,11,1,10,9.090909090909092,235,222,13,94.46808510638299
OpenHands,343,19,120,19,101,15.833333333333332,1000,826,174,82.6
OpenManus,59,13,25,10,15,40.0,115,92,23,80.0
OpenVoice,14,3,1,1,0,100.0,1,1,0,100.0
PDFMathTranslate,53,4,16,4,12,25.0,266,237,29,89.09774436090225
PHPMailer,286,3,25,3,22,12.0,308,270,38,87.66233766233766
PaddleOCR,258,13,82,13,69,15.853658536585366,1148,885,263,77.09059233449477
Perplexica,33,1,9,1,8,11.11111111111111,121,112,9,92.56198347107438
PicGo,19,1,4,1,3,25.0,201,197,4,98.00995024875621
PostHog_posthog,349,35,155,35,120,22.58064516129032,6285,5397,888,85.87112171837708
PowerShell_PowerShell,505,28,100,23,77,23.0,2027,1794,233,88.50518006906759
PowerToys,546,35,108,33,75,30.555555555555557,826,640,186,77.4818401937046
PrefectHQ_prefect,364,17,133,17,116,12.781954887218044,5824,4708,1116,80.83791208791209
Proton,93,4,5,3,2,60.0,23,21,2,91.30434782608695
QuickLook,69,2,3,2,1,66.66666666666666,64,63,1,98.4375
Qwen3,47,9,6,3,3,50.0,34,28,6,82.35294117647058
Qwen,36,5,7,3,4,42.857142857142854,24,13,11,54.166666666666664
RSSHub,1388,205,101,55,46,54.45544554455446,865,815,50,94.21965317919076
ReactiveX_RxSwift,406,32,35,15,20,42.857142857142854,219,195,24,89.04109589041096
Real-Time-Voice-Cloning,19,1,2,1,1,50.0,3,2,1,66.66666666666666
Rectangle,148,12,6,3,3,50.0,34,31,3,91.17647058823529
RevokeMsgPatcher,6,1,1,1,0,100.0,91,91,0,100.0
Rocket,310,2,70,2,68,2.857142857142857,682,596,86,87.3900293255132
RustPython,447,21,123,19,104,15.447154471544716,1674,1461,213,87.27598566308244
RxJava,321,9,29,7,22,24.137931034482758,260,215,45,82.6923076923077
SDWebImage,325,4,11,3,8,27.27272727272727,179,163,16,91.06145251396647
Sa-Token,127,1,22,1,21,4.545454545454546,538,435,103,80.85501858736059
Scrapegraph-ai,101,3,26,3,23,11.538461538461538,682,629,53,92.22873900293254
ScreenToGif,109,4,1,1,0,100.0,14,14,0,100.0
Seal,39,1,15,1,14,6.666666666666667,668,547,121,81.88622754491018
SeleniumHQ_selenium,908,25,136,25,111,18.38235294117647,3400,2567,833,75.5
ShareX,268,1,9,1,8,11.11111111111111,205,189,16,92.19512195121952
SingleFile,49,1,28,1,27,3.571428571428571,2749,2453,296,89.23244816296835
SmartTube,132,1,118,1,117,0.847457627118644,5282,3541,1741,67.03900037864446
SmsForwarder,26,1,16,1,15,6.25,458,433,25,94.54148471615721
SnapKit,89,7,12,3,9,25.0,25,16,9,64.0
Sortable,175,14,23,9,14,39.130434782608695,178,164,14,92.13483146067416
SteamTools,22,3,10,3,7,30.0,609,531,78,87.192118226601
Stirling-PDF,249,14,176,13,163,7.386363636363637,1534,1182,352,77.05345501955672
Sunshine,138,6,40,5,35,12.5,777,673,104,86.61518661518662
SwiftLint,433,12,54,10,44,18.51851851851852,606,551,55,90.92409240924091
SwiftyJSON,158,27,14,10,4,71.42857142857143,81,77,4,95.06172839506173
SwitchHosts,46,1,8,1,7,12.5,418,361,57,86.36363636363636
TDengine,250,17,96,17,79,17.708333333333336,4518,3219,1299,71.24833997343958
Tasmota,551,8,134,8,126,5.970149253731343,2983,2621,362,87.86456587328193
ToolJet_ToolJet,637,21,132,21,111,15.909090909090908,2552,2228,324,87.3040752351097
TrafficMonitor,45,1,16,1,15,6.25,137,85,52,62.04379562043796
TriliumNext_trilium,265,4,165,4,161,2.4242424242424243,7357,5906,1451,80.27728693761044
TryGhost_Ghost,752,17,306,17,289,5.555555555555555,9254,7282,1972,78.69029608817809
UTM,93,1,9,1,8,11.11111111111111,178,166,12,93.25842696629213
Umi-OCR,18,1,3,1,2,33.33333333333333,49,47,2,95.91836734693877
Ventoy,117,4,85,4,81,4.705882352941177,580,418,162,72.06896551724138
WSL,88,14,25,10,15,40.0,152,134,18,88.1578947368421
WordPress,122,26,31,10,21,32.25806451612903,258,126,132,48.837209302325576
Wox,135,4,17,4,13,23.52941176470588,577,555,22,96.18717504332756
WxJava,520,37,68,20,48,29.411764705882355,750,693,57,92.4
XX-Net,78,3,22,3,19,13.636363636363635,310,275,35,88.70967741935483
Xray-core,181,23,29,11,18,37.93103448275862,67,45,22,67.16417910447761
YesPlayMusic,74,9,30,8,22,26.666666666666668,164,131,33,79.8780487804878
ace,566,23,95,19,76,20.0,844,703,141,83.29383886255924
acme.sh,585,84,76,35,41,46.05263157894737,639,567,72,88.73239436619718
act,208,41,56,23,33,41.07142857142857,316,280,36,88.60759493670885
actix-web,385,4,92,4,88,4.3478260869565215,1560,1397,163,89.55128205128206
actual,333,21,71,21,50,29.577464788732392,711,624,87,87.76371308016878
age,54,3,7,2,5,28.57142857142857,40,35,5,87.5
agenticSeek,33,2,11,2,9,18.181818181818183,130,109,21,83.84615384615385
agentic,141,1,13,1,12,7.6923076923076925,733,719,14,98.09004092769442
agno,227,7,45,7,38,15.555555555555555,622,540,82,86.81672025723472
ai-hedge-fund,30,1,8,1,7,12.5,61,51,10,83.60655737704919
aider,164,1,38,1,37,2.631578947368421,1035,960,75,92.7536231884058
air,102,21,31,13,18,41.935483870967744,124,105,19,84.67741935483872
airbnb_lottie-ios,262,34,27,10,17,37.03703703703704,348,331,17,95.11494252873564
alacritty,453,44,152,31,121,20.394736842105264,706,570,136,80.73654390934844
alpine,294,19,33,13,20,39.39393939393939,461,435,26,94.36008676789588
amark_gun,154,5,50,5,45,10.0,696,570,126,81.89655172413794
angular-cli,743,9,205,9,196,4.390243902439024,5734,4841,893,84.42622950819673
angular_angular,2298,55,475,55,420,11.578947368421053,9311,8243,1068,88.52969605842553
anime,56,1,5,1,4,20.0,57,51,6,89.47368421052632
anki,312,4,44,4,40,9.090909090909092,1019,806,213,79.09715407262021
anoma,17,4,9,4,5,44.44444444444444,108,83,25,76.85185185185185
ansible_ansible,6061,340,1405,245,1160,17.437722419928825,12185,10520,1665,86.33565859663521
ant-design-pro,349,20,77,16,61,20.77922077922078,758,683,75,90.10554089709763
ant-design-vue,290,3,26,3,23,11.538461538461538,819,757,62,92.42979242979243
ant-design,2375,42,259,38,221,14.671814671814673,5912,5411,501,91.52571041948579
antlr4,405,8,93,8,85,8.60215053763441,1177,983,194,83.51741716227697
anything-llm,135,2,30,2,28,6.666666666666667,356,319,37,89.60674157303372
apache_airflow,3592,191,775,170,605,21.935483870967744,8066,7129,937,88.38333746590628
apache_echarts,307,5,54,5,49,9.25925925925926,1319,1172,147,88.855193328279
apache_shardingsphere,672,16,273,16,257,5.86080586080586,11328,7863,3465,69.41207627118644
apache_spark,2669,152,545,137,408,25.137614678899084,5589,4784,805,85.59670781893004
apache_superset,1324,51,335,50,285,14.925373134328357,3199,2731,468,85.37042825883088
apify_crawlee,107,6,42,6,36,14.285714285714285,1574,1372,202,87.16645489199492
apollo,190,3,73,3,70,4.10958904109589,898,732,166,81.51447661469933
apollographql_apollo-client,867,14,156,14,142,8.974358974358974,5733,5158,575,89.97034711320426
appium,380,10,114,10,104,8.771929824561402,2420,2137,283,88.30578512396694
appsmithorg_appsmith,336,46,170,45,125,26.47058823529412,6301,5423,878,86.0657038565307
argoproj_argo-cd,1734,317,490,207,283,42.244897959183675,2195,1891,304,86.1503416856492
arthas,215,7,34,4,30,11.76470588235294,533,473,60,88.74296435272045
asdf,276,19,19,10,9,52.63157894736842,162,150,12,92.5925925925926
aseprite,143,1,60,1,59,1.6666666666666667,1536,1309,227,85.22135416666666
atuinsh_atuin,241,44,96,34,62,35.41666666666667,437,370,67,84.66819221967964
autocomplete,480,38,50,25,25,50.0,1737,1699,38,97.81232009211284
autogen,498,45,102,40,62,39.21568627450981,615,538,77,87.47967479674796
automa,45,1,27,1,26,3.7037037037037033,920,803,117,87.28260869565217
ava,330,22,87,18,69,20.689655172413794,782,697,85,89.13043478260869
axios,504,169,59,37,22,62.71186440677966,407,385,22,94.5945945945946
axum,377,70,89,38,51,42.69662921348314,521,466,55,89.44337811900192
babel,1166,15,486,15,471,3.0864197530864197,7125,5882,1243,82.55438596491229
backbone,350,13,37,12,25,32.432432432432435,243,194,49,79.83539094650206
backstage_backstage,1939,116,805,115,690,14.285714285714285,14634,12471,2163,85.21935219352194
badges_shields,559,37,78,17,61,21.794871794871796,699,628,71,89.84263233190272
bagisto,241,8,93,8,85,8.60215053763441,5437,4423,1014,81.35000919624792
baidu_amis,320,11,64,11,53,17.1875,1483,1274,209,85.9069453809845
barry-ran_QtScrcpy,28,1,9,1,8,11.11111111111111,125,104,21,83.2
base_node,74,30,29,17,12,58.620689655172406,126,114,12,90.47619047619048
bat,393,56,84,31,53,36.904761904761905,544,480,64,88.23529411764706
bazel,1067,11,62,8,54,12.903225806451612,756,638,118,84.39153439153439
bcc,651,74,27,16,11,59.25925925925925,113,98,15,86.72566371681415
beego,509,40,50,18,32,36.0,306,262,44,85.62091503267973
beekeeper-studio,152,5,56,5,51,8.928571428571429,1889,1676,213,88.72419269454738
bettercap,95,1,18,1,17,5.555555555555555,162,138,24,85.18518518518519
bevy,1234,169,357,150,207,42.016806722689076,1867,1607,260,86.07391537225494
bilibili-API-collect,209,40,11,7,4,63.63636363636363,34,29,5,85.29411764705883
biome,524,28,167,26,141,15.568862275449103,2288,1919,369,83.87237762237763
bitcoin,1114,23,126,23,103,18.253968253968253,2237,1969,268,88.0196691998212
black,461,95,104,56,48,53.84615384615385,368,319,49,86.68478260869566
blueprint,433,25,124,22,102,17.741935483870968,1174,1010,164,86.03066439522998
bokeh,668,12,100,12,88,12.0,3412,2781,631,81.50644783118406
bootstrap,1552,11,163,11,152,6.748466257668712,2965,2661,304,89.74704890387858
brave-browser,102,5,46,4,42,8.695652173913043,6918,6399,519,92.4978317432784
brew,1160,25,110,23,87,20.909090909090907,3422,3049,373,89.0999415546464
browser-use,221,7,64,7,57,10.9375,961,797,164,82.93444328824141
bruno,344,29,91,25,66,27.472527472527474,798,700,98,87.71929824561403
btop,125,10,11,5,6,45.45454545454545,211,199,12,94.3127962085308
bubbletea,137,7,12,6,6,50.0,66,52,14,78.78787878787878
bulletproof-react,51,6,6,3,3,50.0,62,59,3,95.16129032258065
caddy,314,10,23,9,14,39.130434782608695,153,137,16,89.54248366013073
cadvisor,356,22,91,17,74,18.681318681318682,507,404,103,79.6844181459566
calcom_cal.com,806,26,311,26,285,8.360128617363344,4670,3809,861,81.56316916488223
calculator,104,15,15,10,5,66.66666666666666,196,180,16,91.83673469387756
calibre,413,2,50,2,48,4.0,2219,1520,699,68.49932401982876
canal,243,17,94,16,78,17.02127659574468,646,556,90,86.06811145510835
carbon-lang,155,6,27,6,21,22.22222222222222,302,272,30,90.06622516556291
casbin,155,11,27,9,18,33.33333333333333,117,96,21,82.05128205128204
ccxt_ccxt,796,5,165,5,160,3.0303030303030303,28851,26958,1893,93.43870229801394
celery,1305,15,89,14,75,15.730337078651685,962,847,115,88.04573804573805
certbot,516,11,114,11,103,9.649122807017543,1733,1394,339,80.43854587420658
chakra-ui,720,7,110,7,103,6.363636363636363,2454,2194,260,89.40505297473513
chatgpt-on-wechat,100,7,36,7,29,19.444444444444446,211,162,49,76.77725118483413
chatwoot_chatwoot,300,8,125,8,117,6.4,1990,1636,354,82.2110552763819
cheerio,157,7,39,6,33,15.384615384615385,363,324,39,89.25619834710744
cherry-studio,249,12,120,12,108,10.0,1094,891,203,81.44424131627058
chi,155,18,8,6,2,75.0,69,67,2,97.10144927536231
chroma,169,11,45,11,34,24.444444444444443,1137,964,173,84.78452066842567
cilium_cilium,1121,37,463,37,426,7.991360691144708,7310,5754,1556,78.7140902872777
clash-verge-rev,103,5,52,5,47,9.615384615384617,1022,855,167,83.65949119373776
classnames,53,7,12,4,8,33.33333333333333,117,107,10,91.45299145299145
cli,314,22,41,17,24,41.46341463414634,625,590,35,94.39999999999999
cline,173,8,48,8,40,16.666666666666664,721,590,131,81.83079056865465
cloc,134,2,46,1,45,2.1739130434782608,421,355,66,84.32304038004752
cloudreve,45,1,11,1,10,9.090909090909092,128,110,18,85.9375
cmder,144,6,33,6,27,18.181818181818183,469,394,75,84.00852878464818
cobalt,44,2,25,2,23,8.0,1040,999,41,96.0576923076923
cobra,316,104,25,19,6,76.0,75,69,6,92.0
coc.nvim,269,1,55,1,54,1.8181818181818181,1080,927,153,85.83333333333333
code-server,253,4,88,4,84,4.545454545454546,1117,917,200,82.09489704565802
codemirror5,938,51,17,6,11,35.294117647058826,285,274,11,96.14035087719299
codex,116,27,31,16,15,51.61290322580645,163,148,15,90.79754601226993
colima,81,1,14,1,13,7.142857142857142,92,74,18,80.43478260869566
colly,125,22,13,8,5,61.53846153846154,45,39,6,86.66666666666667
commander.js,189,8,43,6,37,13.953488372093023,362,318,44,87.84530386740332
commitlint,266,32,74,24,50,32.432432432432435,720,663,57,92.08333333333333
compiler-explorer_compiler-explorer,557,13,388,13,375,3.350515463917526,4656,3490,1166,74.95704467353951
components,832,11,78,11,67,14.102564102564102,2658,2267,391,85.28969149736643
compose-multiplatform,161,10,36,9,27,25.0,599,526,73,87.81302170283807
compose-samples,132,18,62,18,44,29.03225806451613,1127,912,215,80.92280390417037
compose,217,8,71,8,63,11.267605633802818,1027,830,197,80.81791626095423
composer,1171,53,149,35,114,23.48993288590604,967,803,164,83.04033092037228
composio,14,4,11,4,7,36.36363636363637,433,351,82,81.06235565819861
conductor,339,27,128,27,101,21.09375,1102,892,210,80.94373865698729
config,2,1,1,1,0,100.0,414,414,0,100.0
consul,1003,52,202,50,152,24.752475247524753,2211,1695,516,76.66214382632293
containerd,711,20,156,20,136,12.82051282051282,3242,2842,400,87.66193707587908
continuedev_continue,444,6,151,6,145,3.9735099337748347,7279,6036,1243,82.92347849979393
core-js,138,1,13,1,12,7.6923076923076925,2302,2273,29,98.74022589052997
core,381,17,57,14,43,24.561403508771928,1188,1085,103,91.32996632996633
coreutils,671,29,251,29,222,11.553784860557768,4353,3850,503,88.44475074661153
cosmopolitan,92,2,11,1,10,9.090909090909092,49,33,16,67.3469387755102
cpython,3072,56,140,37,103,26.42857142857143,920,476,444,51.73913043478261
crawl4ai,37,1,3,1,2,33.33333333333333,154,137,17,88.96103896103897
create-t3-app,350,100,64,39,25,60.9375,377,352,25,93.36870026525199
crewAI,249,21,61,18,43,29.508196721311474,575,521,54,90.6086956521739
croc,114,1,18,1,17,5.555555555555555,192,152,40,79.16666666666666
crystal,537,8,31,7,24,22.58064516129032,589,520,69,88.28522920203736
cube,332,10,107,10,97,9.345794392523365,3369,2833,536,84.09023449094687
curl,1380,8,75,5,70,6.666666666666667,1434,947,487,66.03905160390516
cursor-free-vip,46,3,23,3,20,13.043478260869565,184,151,33,82.06521739130434
cypress-io_cypress,497,6,156,6,150,3.8461538461538463,6534,4961,1573,75.92592592592592
czkawka,70,1,17,1,16,5.88235294117647,226,205,21,90.7079646017699
d2,65,4,29,4,25,13.793103448275861,1830,1572,258,85.90163934426229
daisyui,275,1,54,1,53,1.8518518518518516,733,665,68,90.72305593451568
dapr,305,27,148,27,121,18.243243243243242,1880,1550,330,82.4468085106383
darkreader,1550,173,74,20,54,27.027027027027028,952,891,61,93.59243697478992
dashy,179,2,81,1,80,1.2345679012345678,1055,900,155,85.30805687203792
dayjs,339,61,22,15,7,68.18181818181817,188,181,7,96.27659574468085
daytona,191,17,155,17,138,10.967741935483872,409,256,153,62.59168704156479
dbeaver_dbeaver,402,3,256,3,253,1.171875,8735,6474,2261,74.11562678878076
ddia,112,11,3,2,1,66.66666666666666,10,8,2,80.0
decaporg_decap-cms,575,40,100,30,70,30.0,1290,1205,85,93.4108527131783
deepface,87,3,11,2,9,18.181818181818183,126,107,19,84.92063492063492
delta,145,2,29,2,27,6.896551724137931,358,207,151,57.821229050279335
delve,245,5,16,4,12,25.0,112,90,22,80.35714285714286
deno,1034,30,242,29,213,11.983471074380166,3938,3515,423,89.25850685627222
deskflow,126,6,27,6,21,22.22222222222222,610,479,131,78.52459016393442
deskreen,24,1,20,1,19,5.0,141,109,32,77.30496453900709
desktop,143,1,27,1,26,3.7037037037037033,1614,1514,100,93.80421313506815
detectron2,263,33,25,16,9,64.0,206,197,9,95.63106796116504
dev-sidecar,11,2,5,2,3,40.0,226,214,12,94.69026548672566
devdocs,259,3,28,3,25,10.714285714285714,417,339,78,81.29496402877699
devise,688,75,64,32,32,50.0,272,237,35,87.13235294117648
dgraph,213,26,86,26,60,30.23255813953488,1121,844,277,75.28991971454059
dgtlmoon_changedetection.io,108,1,29,1,28,3.4482758620689653,287,228,59,79.44250871080139
diagrams,166,48,24,8,16,33.33333333333333,118,102,16,86.4406779661017
diff-so-fancy,89,8,11,4,7,36.36363636363637,119,101,18,84.87394957983193
diffusers,934,99,94,43,51,45.744680851063826,576,515,61,89.40972222222221
dimsemenov_PhotoSwipe,79,2,15,2,13,13.333333333333334,165,148,17,89.6969696969697
dioxus,350,3,126,3,123,2.380952380952381,2293,1971,322,85.95726122982992
directus_directus,491,9,302,9,293,2.980132450331126,4671,4066,605,87.0477413830015
discord.js,522,25,89,24,65,26.96629213483146,1868,1724,144,92.29122055674517
disruptor,73,5,19,4,15,21.052631578947366,213,168,45,78.87323943661971
distroless,141,11,70,11,59,15.714285714285714,1149,981,168,85.37859007832898
dive,69,5,17,4,13,23.52941176470588,105,87,18,82.85714285714286
django-rest-framework,1347,124,109,62,47,56.88073394495413,850,789,61,92.82352941176471
django,2925,67,156,52,104,33.33333333333333,890,771,119,86.62921348314607
docker-elk,66,3,43,3,40,6.976744186046512,228,183,45,80.26315789473685
dockge,94,31,89,31,58,34.831460674157306,272,208,64,76.47058823529412
docling,98,13,37,10,27,27.027027027027028,224,196,28,87.5
docs,45,8,13,6,7,46.15384615384615,160,141,19,88.125
docsify,194,7,25,7,18,28.000000000000004,581,519,62,89.328743545611
docusaurus,1202,150,261,83,178,31.800766283524908,1772,1586,186,89.50338600451467
dokku,554,2,36,2,34,5.555555555555555,1767,1568,199,88.737973967176
dolt,135,14,50,14,36,28.000000000000004,2438,1980,458,81.21410992616899
doomemacs,775,1,8,1,7,12.5,130,117,13,90.0
dotenv,93,2,23,2,21,8.695652173913043,272,235,37,86.39705882352942
dotnet_aspnetcore,1388,27,250,27,223,10.8,10513,8772,1741,83.43955103205555
draggable,47,3,11,3,8,27.27272727272727,146,133,13,91.0958904109589
dragonfly,134,7,49,7,42,14.285714285714285,439,334,105,76.08200455580865
drawdb,83,3,14,2,12,14.285714285714285,130,110,20,84.61538461538461
drawio-desktop,13,2,9,2,7,22.22222222222222,602,563,39,93.52159468438538
driver.js,49,1,9,1,8,11.11111111111111,147,138,9,93.87755102040816
drizzle-orm,127,6,45,6,39,13.333333333333334,1327,1174,153,88.47023360964582
druid,319,4,75,4,71,5.333333333333334,887,714,173,80.49605411499437
dspy,341,29,95,28,67,29.47368421052631,821,689,132,83.92204628501827
dub,90,2,27,2,25,7.4074074074074066,2395,2225,170,92.90187891440502
dubbo,620,39,167,39,128,23.353293413173652,2093,1869,224,89.29765886287625
duckdb,508,10,175,10,165,5.714285714285714,9576,7981,1595,83.343776106934
echo,294,19,20,11,9,55.00000000000001,160,150,10,93.75
editor.js,51,5,20,5,15,25.0,309,273,36,88.3495145631068
egg,219,30,30,17,13,56.666666666666664,416,402,14,96.63461538461539
egui,515,15,106,11,95,10.377358490566039,714,586,128,82.07282913165265
eladmin,59,2,16,2,14,12.5,169,144,25,85.20710059171599
elastic_elasticsearch,2152,70,600,70,530,11.666666666666666,23352,17712,5640,75.84789311408016
electron-react-boilerplate,165,10,77,10,67,12.987012987012985,694,602,92,86.74351585014409
electron_electron,1405,20,110,17,93,15.454545454545453,3707,3283,424,88.56217966010252
element-plus,735,60,89,42,47,47.19101123595505,955,888,67,92.98429319371728
eleventy,116,1,37,1,36,2.7027027027027026,948,867,81,91.45569620253164
elixir,1465,27,41,13,28,31.70731707317073,258,187,71,72.48062015503875
ember.js,992,28,155,28,127,18.064516129032256,3049,2717,332,89.11118399475238
emscripten,909,7,97,5,92,5.154639175257731,1500,1236,264,82.39999999999999
ente-io_ente,247,5,158,5,153,3.1645569620253164,8304,6409,1895,77.17967244701349
envoy,1271,94,460,92,368,20.0,3867,3118,749,80.63098008792345
eruda,25,1,5,1,4,20.0,341,337,4,98.82697947214076
esbuild,119,1,25,1,24,4.0,717,686,31,95.67642956764296
eslint,1120,39,227,37,190,16.299559471365637,2424,2125,299,87.66501650165016
etcd,1042,17,157,17,140,10.828025477707007,2145,1762,383,82.14452214452214
etcher,97,5,35,5,30,14.285714285714285,1448,1270,178,87.70718232044199
etherpad-lite,341,12,90,12,78,13.333333333333334,1974,1650,324,83.58662613981764
everyone-can-use-english,71,2,11,2,9,18.181818181818183,405,349,56,86.17283950617283
excalidraw,327,22,104,22,82,21.153846153846153,819,700,119,85.47008547008546
excelize,262,27,13,4,9,30.76923076923077,61,52,9,85.24590163934425
explosion_spaCy,726,4,183,4,179,2.185792349726776,2293,1750,543,76.31923244657654
express,353,3,64,3,61,4.6875,1469,1251,218,85.15997277059225
faas,178,8,53,8,45,15.09433962264151,616,522,94,84.74025974025975
fabric.js,324,4,40,4,36,10.0,848,771,77,90.91981132075472
fabric,209,6,27,6,21,22.22222222222222,261,206,55,78.9272030651341
facebook_hhvm,2410,126,452,105,347,23.23008849557522,3780,2786,994,73.70370370370371
facefusion,3,1,2,1,1,50.0,44,43,1,97.72727272727273
faceswap,90,2,11,1,10,9.090909090909092,110,75,35,68.18181818181817
fairseq,381,68,36,18,18,50.0,96,74,22,77.08333333333334
faiss,226,28,29,15,14,51.724137931034484,227,211,16,92.95154185022027
faker,603,77,43,21,22,48.837209302325576,711,687,24,96.62447257383965
fastai,254,19,44,12,32,27.27272727272727,638,594,44,93.10344827586206
fastapi,801,161,212,73,139,34.43396226415094,959,813,146,84.77580813347237
fasthttp,228,12,14,4,10,28.57142857142857,75,62,13,82.66666666666667
fastify,806,96,99,52,47,52.52525252525253,1270,1219,51,95.98425196850394
fastlane_fastlane,1479,37,148,29,119,19.594594594594593,1015,855,160,84.23645320197043
fd,199,17,52,9,43,17.307692307692307,437,372,65,85.1258581235698
fiber,399,9,21,7,14,33.33333333333333,350,329,21,94.0
filament,202,5,25,5,20,20.0,581,501,80,86.23063683304647
filebrowser,204,3,85,3,82,3.5294117647058822,535,389,146,72.71028037383176
fingerprintjs,101,8,19,8,11,42.10526315789473,218,200,18,91.74311926605505
firecracker,268,18,77,18,59,23.376623376623375,1095,888,207,81.0958904109589
firecrawl,97,3,39,3,36,7.6923076923076925,798,685,113,85.83959899749374
firefly-iii,176,1,37,1,36,2.7027027027027026,2553,2438,115,95.4954954954955
fish-shell,1046,11,36,9,27,25.0,411,366,45,89.05109489051095
fish-speech,74,3,20,3,17,15.0,270,239,31,88.51851851851852
flameshot,294,25,44,13,31,29.545454545454547,321,281,40,87.53894080996885
flash-attention,116,4,13,3,10,23.076923076923077,164,152,12,92.6829268292683
flask,818,43,52,24,28,46.15384615384615,671,636,35,94.7839046199702
flatbuffers,677,146,112,60,52,53.57142857142857,512,452,60,88.28125
flink,1561,93,478,92,386,19.246861924686193,5526,4440,1086,80.34744842562432
floating-ui,116,2,26,2,24,7.6923076923076925,462,408,54,88.31168831168831
flow,935,17,87,14,73,16.091954022988507,1522,1299,223,85.34822601839684
flutter_flutter,1928,49,293,49,244,16.723549488054605,7349,5298,2051,72.09144101238265
flux,28,17,3,3,0,100.0,8,8,0,100.0
fmt,542,1,20,1,19,5.0,306,248,58,81.04575163398692
focalboard,261,20,172,19,153,11.046511627906977,1155,741,414,64.15584415584415
folly,1516,148,41,18,23,43.90243902439025,86,59,27,68.6046511627907
framework7,167,1,28,1,27,3.571428571428571,880,845,35,96.02272727272727
framework,3901,233,195,75,120,38.46153846153847,2431,2280,151,93.78856437679967
freqtrade,347,7,91,7,84,7.6923076923076925,2570,2150,420,83.65758754863813
frida,47,1,4,1,3,25.0,140,137,3,97.85714285714285
frigate,305,4,48,4,44,8.333333333333332,804,639,165,79.47761194029852
frp,130,1,39,1,38,2.564102564102564,441,383,58,86.84807256235828
fuel-core,61,11,40,11,29,27.500000000000004,728,574,154,78.84615384615384
fuels-rs,50,7,31,7,24,22.58064516129032,509,436,73,85.6581532416503
fuels-ts,58,9,29,9,20,31.03448275862069,827,664,163,80.29020556227327
fullPage.js,169,1,19,1,18,5.263157894736842,271,245,26,90.40590405904058
fullcalendar,158,1,20,1,19,5.0,1050,1005,45,95.71428571428572
fx,33,1,6,1,5,16.666666666666664,204,198,6,97.05882352941177
fyne,213,5,51,5,46,9.803921568627452,1116,965,151,86.4695340501792
fzf,299,1,16,1,15,6.25,104,80,24,76.92307692307693
gatsbyjs_gatsby,4086,784,1665,520,1145,31.23123123123123,7595,6330,1265,83.34430546412113
generative-models,20,8,9,6,3,66.66666666666666,19,15,4,78.94736842105263
gethomepage_homepage,464,3,268,3,265,1.1194029850746268,5164,4323,841,83.7141750580945
getsentry_sentry,868,59,257,58,199,22.56809338521401,6339,4894,1445,77.20460640479571
ghostty,352,3,42,3,39,7.142857142857142,707,524,183,74.1159830268741
gin-vue-admin,234,6,56,6,50,10.714285714285714,777,628,149,80.82368082368082
gin,478,125,35,21,14,60.0,177,163,14,92.09039548022598
git-extras,277,44,9,7,2,77.77777777777779,36,32,4,88.88888888888889
gitbook,27,6,19,6,13,31.57894736842105,375,323,52,86.13333333333333
github-readme-stats,274,54,24,12,12,50.0,176,164,12,93.18181818181817
github1s,47,4,12,4,8,33.33333333333333,166,155,11,93.37349397590361
gitleaks,219,25,125,20,105,16.0,469,345,124,73.56076759061834
gitui,132,3,32,3,29,9.375,539,455,84,84.4155844155844
gkd,7,2,4,2,2,50.0,224,222,2,99.10714285714286
glance,71,1,8,1,7,12.5,60,53,7,88.33333333333333
glances,197,3,53,3,50,5.660377358490567,1483,1190,293,80.24275118004046
gleam,282,16,77,14,63,18.181818181818183,1029,842,187,81.82701652089406
glide,177,2,27,2,25,7.4074074074074066,530,450,80,84.90566037735849
glow,48,4,12,4,8,33.33333333333333,103,84,19,81.55339805825243
go-gitea_gitea,1551,50,501,50,451,9.980039920159681,5908,5025,883,85.05416384563304
go-kratos_kratos,294,51,42,25,17,59.523809523809526,161,139,22,86.33540372670807
go-micro,191,3,14,2,12,14.285714285714285,106,78,28,73.58490566037736
go-redis,374,11,30,9,21,30.0,269,240,29,89.21933085501858
go-zero,302,12,17,6,11,35.294117647058826,146,134,12,91.78082191780823
go,2514,66,71,37,34,52.112676056338024,304,200,104,65.78947368421053
goaccess,178,1,37,1,36,2.7027027027027026,380,309,71,81.3157894736842
godot,3070,50,1224,50,1174,4.084967320261438,15809,12779,3030,80.83370232146245
gogs,541,10,155,10,145,6.451612903225806,1530,1268,262,82.87581699346406
google-research_google-research,833,249,189,91,98,48.148148148148145,282,175,107,62.056737588652474
google_fonts,125,9,28,9,19,32.142857142857146,1964,1783,181,90.78411405295316
googletest,464,29,47,19,28,40.42553191489361,320,272,48,85.0
gopeed,48,1,18,1,17,5.555555555555555,332,300,32,90.36144578313254
goreplay,133,6,23,4,19,17.391304347826086,150,127,23,84.66666666666667
gorhill_uBlock,122,1,50,1,49,2.0,4227,4063,164,96.12017979654601
gorm,446,26,25,9,16,36.0,95,75,20,78.94736842105263
gpt-researcher,185,8,43,8,35,18.6046511627907,367,298,69,81.19891008174388
gpt4all,124,7,31,7,24,22.58064516129032,445,341,104,76.62921348314606
gpt4free,254,3,38,3,35,7.894736842105263,252,195,57,77.38095238095238
gpt_academic,115,2,14,2,12,14.285714285714285,207,185,22,89.3719806763285
graal,362,40,147,40,107,27.2108843537415,4645,3295,1350,70.93649085037676
gradio,414,6,78,6,72,7.6923076923076925,1578,1319,259,83.58681875792142
gradle,863,26,311,26,285,8.360128617363344,16480,12151,4329,73.73179611650485
grafana_loki,1183,66,449,63,386,14.03118040089087,2165,1639,526,75.70438799076213
grapesjs,209,1,34,1,33,2.941176470588235,780,704,76,90.25641025641026
graphql-js,211,5,47,5,42,10.638297872340425,956,833,123,87.13389121338912
graphql,442,9,100,9,91,9.0,2883,2600,283,90.18383628165105
graphrag,48,7,25,7,18,28.000000000000004,312,270,42,86.53846153846155
gravitational_teleport,316,37,174,37,137,21.26436781609195,3730,2886,844,77.37265415549598
grpc-gateway,422,126,138,59,79,42.7536231884058,477,397,80,83.22851153039832
grpc-go,492,21,46,17,29,36.95652173913043,228,183,45,80.26315789473685
grpc_grpc,1002,28,257,28,229,10.894941634241246,13188,10994,2194,83.36366393691235
gson,168,6,38,6,32,15.789473684210526,613,558,55,91.02773246329528
guava,458,14,75,11,64,14.666666666666666,633,483,150,76.30331753554502
guidance,79,5,14,5,9,35.714285714285715,213,157,56,73.70892018779342
gulp,251,44,30,13,17,43.333333333333336,265,244,21,92.0754716981132
gum,67,6,5,4,1,80.0,29,26,3,89.65517241379311
guzzle,404,8,49,7,42,14.285714285714285,445,388,57,87.19101123595505
ha_xiaomi_home,31,5,14,5,9,35.714285714285715,100,83,17,83.0
hackathon-starter,205,2,43,2,41,4.651162790697675,621,559,62,90.01610305958133
halo,148,3,47,3,44,6.382978723404255,1487,1228,259,82.58238063214526
handsontable_handsontable,140,6,43,6,37,13.953488372093023,1903,1630,273,85.65423016290067
harbor,373,16,166,16,150,9.63855421686747,3614,2970,644,82.18040951853901
harness,61,16,37,15,22,40.54054054054054,698,575,123,82.378223495702
hashcat,177,3,17,3,14,17.647058823529413,146,102,44,69.86301369863014
hasura_graphql-engine,407,44,130,44,86,33.84615384615385,2443,2081,362,85.18215309046255
haystack,292,19,149,19,130,12.751677852348994,1901,1534,367,80.69437138348238
headlessui,71,2,16,2,14,12.5,212,193,19,91.0377358490566
headscale,208,4,66,4,62,6.0606060606060606,794,632,162,79.59697732997482
helix,1117,205,650,177,473,27.23076923076923,1959,1382,577,70.54619703930577
hello-algo,211,23,25,13,12,52.0,259,234,25,90.34749034749035
helm,825,63,158,46,112,29.11392405063291,1302,1132,170,86.9431643625192
heroicons,33,5,13,5,8,38.46153846153847,117,107,10,91.45299145299145
heroui-inc_heroui,254,4,42,4,38,9.523809523809524,1285,1196,89,93.07392996108949
hexo,197,6,41,6,35,14.634146341463413,873,692,181,79.26689576174113
hey,8,1,3,1,2,33.33333333333333,327,325,2,99.38837920489296
hiddify-app,75,3,52,3,49,5.769230769230769,1139,844,295,74.10008779631255
highlight.js,796,38,45,17,28,37.77777777777778,320,290,30,90.625
homebrew-cask,9681,38,90,24,66,26.666666666666668,1403,1182,221,84.248039914469
homebridge,125,15,62,15,47,24.193548387096776,706,627,79,88.81019830028329
honojs_hono,256,7,47,7,40,14.893617021276595,838,779,59,92.95942720763723
hoppscotch,275,8,135,8,127,5.9259259259259265,1990,1655,335,83.16582914572864
hosts,160,1,22,1,21,4.545454545454546,2119,2012,107,94.95044832468146
html5-boilerplate,297,18,79,15,64,18.9873417721519,791,697,94,88.11630847029078
htmx,432,16,26,13,13,50.0,311,294,17,94.53376205787781
huginn,254,10,52,10,42,19.230769230769234,408,350,58,85.7843137254902
hugo,862,8,89,7,82,7.865168539325842,1358,1249,109,91.97349042709867
hutool,417,4,34,3,31,8.823529411764707,599,545,54,90.98497495826378
iTerm2-Color-Schemes,272,107,135,57,78,42.22222222222222,203,125,78,61.57635467980296
ice,85,6,34,6,28,17.647058823529413,1686,1418,268,84.10438908659549
iced,291,1,79,1,78,1.2658227848101267,1223,1006,217,82.25674570727719
ignite,236,12,63,12,51,19.047619047619047,968,879,89,90.80578512396694
iina,140,4,34,4,30,11.76470588235294,237,179,58,75.52742616033755
imgui,486,1,17,1,16,5.88235294117647,134,88,46,65.67164179104478
immich-app_immich,721,26,242,26,216,10.743801652892563,2601,2245,356,86.31295655517108
immutable-js,233,4,38,4,34,10.526315789473683,449,391,58,87.08240534521158
incubator-seata,360,63,138,54,84,39.130434782608695,778,677,101,87.01799485861183
influxdb,592,34,202,34,168,16.831683168316832,6611,4992,1619,75.51051278172743
ingress-nginx,1119,77,378,60,318,15.873015873015872,2152,1763,389,81.92379182156134
ink,127,15,25,6,19,24.0,204,185,19,90.68627450980392
insightface,65,2,7,1,6,14.285714285714285,32,19,13,59.375
intro.js,113,4,20,4,16,20.0,445,412,33,92.58426966292134
invoke-ai_InvokeAI,355,9,158,9,149,5.69620253164557,3835,2779,1056,72.46414602346806
ionic-team_ionic-framework,511,10,57,10,47,17.543859649122805,2992,2633,359,88.00133689839572
ionicons,58,7,33,7,26,21.21212121212121,440,365,75,82.95454545454545
ip2region,47,5,14,5,9,35.714285714285715,106,91,15,85.84905660377359
ish,55,1,8,1,7,12.5,135,118,17,87.4074074074074
jadx,140,3,53,3,50,5.660377358490567,407,280,127,68.7960687960688
jan,88,10,54,10,44,18.51851851851852,1693,1295,398,76.49143532191376
jax,845,15,74,13,61,17.56756756756757,1231,991,240,80.50365556458165
jeecgboot_JeecgBoot,29,1,8,1,7,12.5,680,592,88,87.05882352941177
jekyll,1182,25,120,24,96,20.0,834,711,123,85.25179856115108
jellyfin,1455,17,1004,17,987,1.693227091633466,4194,2059,2135,49.09394372913686
jenkinsci_jenkins,1029,25,427,25,402,5.85480093676815,11014,9002,2012,81.73234065734519
jest,1636,321,392,185,207,47.19387755102041,2343,2126,217,90.73836961160904
jgthms_bulma,426,64,40,14,26,35.0,501,474,27,94.61077844311377
jhipster_generator-jhipster,844,13,373,13,360,3.485254691689008,30370,27660,2710,91.07672044781035
jitsi_jitsi-meet,655,18,376,18,358,4.787234042553192,3516,2512,1004,71.4448236632537
joi,258,10,23,6,17,26.08695652173913,542,515,27,95.01845018450184
jotai,235,14,39,12,27,30.76923076923077,769,731,38,95.05851755526658
jq,226,11,124,10,114,8.064516129032258,583,432,151,74.09948542024014
jquery_jquery,345,11,49,11,38,22.448979591836736,465,375,90,80.64516129032258
js-cookie,56,2,18,2,16,11.11111111111111,270,249,21,92.22222222222223
jsdom,348,15,95,14,81,14.736842105263156,1003,869,134,86.64007976071785
json-server,89,1,15,1,14,6.666666666666667,346,326,20,94.21965317919076
jsoncrack.com,37,1,12,1,11,8.333333333333332,367,355,12,96.73024523160763
julia,1629,45,127,42,85,33.07086614173229,1360,1128,232,82.94117647058825
jumpserver,147,6,49,6,43,12.244897959183673,1901,1490,411,78.37980010520779
juspay_hyperswitch,234,37,124,37,87,29.838709677419356,2053,1684,369,82.02630297126157
just,199,3,37,3,34,8.108108108108109,374,336,38,89.83957219251337
k3s,278,12,90,12,78,13.333333333333334,870,671,199,77.1264367816092
k6,225,9,68,9,59,13.23529411764706,964,742,222,76.97095435684648
k9s,337,41,120,25,95,20.833333333333336,403,303,100,75.18610421836229
kafka,1346,120,271,108,163,39.85239852398524,1837,1580,257,86.00979858464889
keepassxc,448,17,48,11,37,22.916666666666664,362,311,51,85.91160220994475
keras,1357,118,104,45,59,43.269230769230774,454,371,83,81.71806167400881
kestra,174,8,66,8,58,12.121212121212121,2115,1684,431,79.62174940898346
keycloak_keycloak,1506,29,563,29,534,5.150976909413854,12445,10687,1758,85.87384491763761
khoj,60,2,14,2,12,14.285714285714285,974,957,17,98.25462012320328
kickstart.nvim,162,92,5,3,2,60.0,8,6,2,75.0
kit,583,23,95,23,72,24.210526315789473,1328,1235,93,92.99698795180723
kitty,370,1,20,1,19,5.0,523,493,30,94.26386233269598
kivy,585,13,71,11,60,15.492957746478872,692,570,122,82.36994219653178
koa,241,29,39,17,22,43.58974358974359,315,291,24,92.38095238095238
kong,422,20,108,20,88,18.51851851851852,1795,1193,602,66.46239554317549
koodo-reader,31,1,25,1,24,4.0,946,901,45,95.2431289640592
koreader,316,11,24,9,15,37.5,208,186,22,89.42307692307693
kotaemon,37,3,20,3,17,15.0,147,120,27,81.63265306122449
kotlin,891,58,297,58,239,19.52861952861953,9278,7193,2085,77.52748437163181
kubernetes_kubernetes,4326,193,1279,191,1088,14.93354182955434,16347,13284,3063,81.26261699394385
kubernetes_minikube,947,11,272,11,261,4.044117647058823,5148,4186,962,81.31313131313132
kuboard-press,16,1,4,1,3,25.0,152,145,7,95.39473684210526
ladybird,1292,37,231,35,196,15.151515151515152,1967,1468,499,74.6314184036604
langchain,3228,755,381,206,175,54.06824146981627,2813,2630,183,93.49448986846782
langflow-ai_langflow,310,6,140,6,134,4.285714285714286,3608,2628,980,72.83813747228382
langgenius_dify,959,113,350,94,256,26.857142857142858,1796,1442,354,80.28953229398664
laravel-debugbar,233,21,26,8,18,30.76923076923077,171,152,19,88.88888888888889
laravel,784,14,132,12,120,9.090909090909092,792,623,169,78.66161616161617
laurent22_joplin,703,3,83,3,80,3.614457831325301,3343,3056,287,91.41489679928209
layui,66,2,12,2,10,16.666666666666664,422,379,43,89.81042654028435
lazygit,347,6,64,5,59,7.8125,774,664,110,85.78811369509044
lede,563,19,46,8,38,17.391304347826086,274,219,55,79.92700729927007
leetcode,190,7,11,4,7,36.36363636363637,359,341,18,94.98607242339833
leptos,347,6,105,6,99,5.714285714285714,1406,1210,196,86.0597439544808
lerna,354,8,110,8,102,7.2727272727272725,1319,1159,160,87.86959818043972
lexical,489,30,72,29,43,40.27777777777778,784,731,53,93.23979591836735
libgdx,656,17,124,17,107,13.709677419354838,2201,1872,329,85.05224897773739
libuv,604,31,19,10,9,52.63157894736842,92,78,14,84.78260869565217
linera-protocol,94,5,26,5,21,19.230769230769234,1319,1032,287,78.24109173616375
linux-command,187,10,8,1,7,12.5,201,193,8,96.01990049751244
linux-insides,332,44,2,1,1,50.0,5,2,3,40.0
lit_lit,199,13,62,13,49,20.967741935483872,1144,999,145,87.32517482517483
live,6,2,3,1,2,33.33333333333333,6,2,4,33.33333333333333
livewire,534,27,108,25,83,23.14814814814815,1184,1063,121,89.7804054054054
llama.cpp,1133,224,125,72,53,57.599999999999994,428,366,62,85.51401869158879
llamafile,62,2,4,2,2,50.0,10,3,7,30.0
llm.c,68,4,11,4,7,36.36363636363637,52,31,21,59.61538461538461
llvm_llvm-project,5525,334,946,278,668,29.38689217758985,7364,5349,2015,72.63715372080391
lo,144,35,6,3,3,50.0,37,34,3,91.8918918918919
lobehub_lobe-chat,277,6,99,6,93,6.0606060606060606,2008,1810,198,90.13944223107569
localsend,205,14,152,14,138,9.210526315789473,1057,803,254,75.96972563859981
localstack,596,22,169,22,147,13.017751479289942,2474,2092,382,84.55941794664511
locust,354,14,68,12,56,17.647058823529413,775,677,98,87.35483870967742
logseq,294,6,52,6,46,11.538461538461538,1884,1533,351,81.36942675159236
luigi,575,66,73,34,39,46.57534246575342,382,332,50,86.91099476439791
lutzroeder_netron,1,1,1,1,0,100.0,4788,4788,0,100.0
lux,112,3,15,2,13,13.333333333333334,90,72,18,80.0
lvgl,585,13,41,10,31,24.390243902439025,516,448,68,86.82170542635659
lx-music-desktop,15,1,8,1,7,12.5,1045,1011,34,96.7464114832536
magic-wormhole,77,2,16,2,14,12.5,207,173,34,83.57487922705315
mall,1,1,1,1,0,100.0,162,162,0,100.0
manim,184,2,26,2,24,7.6923076923076925,248,156,92,62.903225806451616
mantine,663,1,40,1,39,2.5,1640,1569,71,95.67073170731707
marked,193,7,43,6,37,13.953488372093023,505,440,65,87.12871287128714
marker,23,2,7,2,5,28.57142857142857,402,387,15,96.26865671641791
markitdown,64,14,18,8,10,44.44444444444444,75,64,11,85.33333333333334
matomo-org_matomo,387,5,134,5,129,3.731343283582089,5319,4171,1148,78.41699567587892
matplotlib,1697,26,134,24,110,17.91044776119403,2900,2463,437,84.93103448275862
maui,620,25,141,25,116,17.73049645390071,3182,2788,394,87.61785040854808
maybe,120,7,44,7,37,15.909090909090908,287,240,47,83.62369337979094
mdBook,333,32,76,25,51,32.89473684210527,717,657,60,91.63179916317992
mdb-ui-kit,110,3,30,3,27,10.0,334,248,86,74.25149700598801
mdx,190,6,48,6,42,12.5,1030,929,101,90.19417475728156
mediapipe,101,5,21,5,16,23.809523809523807,323,148,175,45.82043343653251
meilisearch,224,6,99,6,93,6.0606060606060606,2158,1828,330,84.70806302131604
mem0,200,12,69,11,58,15.942028985507244,745,670,75,89.93288590604027
memos,292,5,129,5,124,3.875968992248062,997,759,238,76.12838515546639
mermaid,685,26,179,26,153,14.52513966480447,3490,3053,437,87.4785100286533
metabase_metabase,447,30,148,30,118,20.27027027027027,4852,3843,1009,79.20445177246496
meteor_meteor,878,21,149,21,128,14.093959731543624,8551,7020,1531,82.09566132616068
miaosha,13,1,5,1,4,20.0,82,67,15,81.70731707317073
micro,342,7,150,6,144,4.0,486,259,227,53.29218106995884
micropython,669,10,78,9,69,11.538461538461538,546,369,177,67.58241758241759
microsoft_TypeScript,829,17,280,16,264,5.714285714285714,6330,5207,1123,82.25908372827804
microsoft_semantic-kernel,382,24,128,24,104,18.75,1262,1066,196,84.46909667194929
mifi_lossless-cut,151,4,121,4,117,3.3057851239669422,1348,803,545,59.56973293768546
milvus,292,36,116,36,80,31.03448275862069,2882,2307,575,80.04857737682165
mimikatz,10,1,1,1,0,100.0,14,14,0,100.0
mindsdb,834,17,189,17,172,8.994708994708994,3857,3232,625,83.79569613689397
minimind,5,2,2,2,0,100.0,8,8,0,100.0
minio,504,10,146,10,136,6.8493150684931505,1634,1318,316,80.6609547123623
mitmproxy,551,6,62,6,56,9.67741935483871,1084,969,115,89.39114391143912
mjml,179,5,42,5,37,11.904761904761903,767,689,78,89.83050847457628
mkdocs-material,314,1,86,1,85,1.1627906976744187,2329,2154,175,92.48604551309575
ml-agents,157,12,38,12,26,31.57894736842105,750,586,164,78.13333333333333
mlc-llm,146,18,18,9,9,50.0,98,80,18,81.63265306122449
mlflow_mlflow,876,37,193,36,157,18.65284974093264,2165,1933,232,89.28406466512702
mlx,160,11,16,8,8,50.0,86,75,11,87.20930232558139
mobx,355,15,55,14,41,25.454545454545453,738,669,69,90.65040650406505
moby_moby,2517,46,394,45,349,11.421319796954315,6598,5503,1095,83.40406183692028
mocha,567,35,109,26,83,23.853211009174313,830,733,97,88.3132530120482
modular,287,43,70,28,42,40.0,408,268,140,65.68627450980392
monaco-editor,315,16,86,11,75,12.790697674418606,1456,1326,130,91.07142857142857
mongodb_mongo,958,149,542,143,399,26.383763837638373,11026,7290,3736,66.11645202249228
mongoose,937,5,105,5,100,4.761904761904762,4101,3614,487,88.1248475981468
monica,36,2,13,2,11,15.384615384615385,295,281,14,95.25423728813558
monolog,532,97,60,28,32,46.666666666666664,306,268,38,87.58169934640523
motion,124,1,35,1,34,2.857142857142857,2180,1889,291,86.65137614678899
mpv,719,38,126,36,90,28.57142857142857,4050,3250,800,80.24691358024691
mrdoob_three.js,2188,30,241,29,212,12.033195020746888,2676,2128,548,79.52167414050822
mui_material-ui,3214,177,505,120,385,23.762376237623762,5424,4947,477,91.20575221238938
mybatis-3,276,5,159,5,154,3.1446540880503147,2828,2392,436,84.58274398868458
mypy,762,20,74,16,58,21.62162162162162,439,333,106,75.85421412300684
n8n-io_n8n,492,19,174,19,155,10.919540229885058,6165,5392,773,87.46147607461477
n,95,7,15,6,9,40.0,205,194,11,94.6341463414634
nacos,452,48,145,47,98,32.41379310344827,1316,1126,190,85.56231003039514
nanoid,144,1,33,1,32,3.0303030303030303,639,580,59,90.76682316118936
ncnn,338,11,29,6,23,20.689655172413794,336,310,26,92.26190476190477
neon,149,22,93,22,71,23.655913978494624,2183,1537,646,70.40769583142465
neovim,1237,30,84,25,59,29.761904761904763,1134,1012,122,89.2416225749559
netbox,393,3,82,3,79,3.6585365853658534,2176,1905,271,87.54595588235294
netdata_netdata,650,9,216,9,207,4.166666666666666,3559,2601,958,73.08232649620679
netty,754,9,150,9,141,6.0,2785,2469,316,88.65350089766608
next-auth,872,140,129,48,81,37.2093023255814,1378,1294,84,93.90420899854863
nginx-proxy,153,8,56,8,48,14.285714285714285,575,477,98,82.95652173913044
nginx,103,5,11,5,6,45.45454545454545,573,565,8,98.60383944153578
nlohmann_json,336,5,43,4,39,9.30232558139535,966,886,80,91.7184265010352
nnn,210,3,12,2,10,16.666666666666664,137,118,19,86.13138686131386
nocodb_nocodb,334,7,101,7,94,6.9306930693069315,12565,11122,1443,88.51571826502187
node-red,242,4,99,4,95,4.040404040404041,2348,1866,482,79.47189097103919
node,15,5,5,4,1,80.0,30,29,1,96.66666666666667
nodejs_node,4071,141,206,95,111,46.116504854368934,2627,2383,244,90.71183859916255
notepad-plus-plus,424,25,271,25,246,9.22509225092251,2512,1767,745,70.34235668789809
novuhq_novu,458,12,223,12,211,5.381165919282512,6793,5573,1220,82.04033563962902
nowinandroid,147,14,81,14,67,17.28395061728395,1117,945,172,84.6016114592659
nrwl_nx,1089,17,364,17,347,4.670329670329671,6119,5064,1055,82.75862068965517
ntfy,319,7,174,5,169,2.8735632183908044,1005,660,345,65.67164179104478
nuclei,212,8,58,8,50,13.793103448275861,870,706,164,81.14942528735632
numpy,1926,46,180,40,140,22.22222222222222,2455,2060,395,83.91038696537679
nushell,741,43,223,42,181,18.83408071748879,2283,1918,365,84.01226456416995
nuxt,844,39,73,30,43,41.0958904109589,1118,1068,50,95.52772808586762
nvm,402,40,37,14,23,37.83783783783784,334,308,26,92.21556886227546
nw.js,130,2,24,2,22,8.333333333333332,580,338,242,58.27586206896552
obsproject_obs-studio,704,19,299,19,280,6.354515050167224,2440,1848,592,75.73770491803279
oh-my-posh,441,13,224,12,212,5.357142857142857,1029,721,308,70.06802721088435
ohmyzsh,2573,1072,19,16,3,84.21052631578947,81,78,3,96.29629629629629
okhttp,312,4,46,4,42,8.695652173913043,772,692,80,89.63730569948186
ollama_ollama,555,10,27,9,18,33.33333333333333,387,349,38,90.18087855297158
onlook,86,4,21,4,17,19.047619047619047,390,342,48,87.6923076923077
onnx,334,51,55,30,25,54.54545454545454,485,455,30,93.81443298969072
open-interpreter,133,3,35,3,32,8.571428571428571,669,566,103,84.60388639760838
open-r1,41,12,12,7,5,58.333333333333336,40,34,6,85.0
open-webui_open-webui,677,12,325,12,313,3.6923076923076925,3414,2264,1150,66.31517281780901
openai-python,134,21,16,8,8,50.0,162,154,8,95.06172839506173
opencv,1982,57,125,35,90,28.000000000000004,932,741,191,79.50643776824035
openjdk_jdk,1354,170,413,155,258,37.530266343825666,8897,8045,852,90.42373833876589
openpilot,683,16,83,14,69,16.867469879518072,1330,1123,207,84.4360902255639
openssl,1218,17,144,15,129,10.416666666666668,1323,960,363,72.56235827664399
opentofu,2076,52,259,47,212,18.146718146718147,1897,1490,407,78.54507116499735
openui,17,1,6,1,5,16.666666666666664,99,86,13,86.86868686868688
openwrt,1451,42,87,35,52,40.229885057471265,538,448,90,83.27137546468401
openzeppelin-contracts,462,35,55,24,31,43.63636363636363,653,615,38,94.18070444104136
osquery,462,20,63,18,45,28.57142857142857,452,386,66,85.39823008849558
outline,195,3,61,3,58,4.918032786885246,2463,2093,370,84.97766950872919
oven-sh_bun,829,8,107,8,99,7.476635514018691,1950,1648,302,84.51282051282051
p5.js,741,54,150,49,101,32.666666666666664,1324,1125,199,84.96978851963746
pandas-ai,105,5,43,5,38,11.627906976744185,491,425,66,86.55804480651732
pandas,3644,104,279,61,218,21.863799283154123,2018,1676,342,83.05252725470763
pandoc,582,3,58,3,55,5.172413793103448,2020,1884,136,93.26732673267327
paperless-ngx,387,5,135,5,130,3.7037037037037033,2239,1784,455,79.67842786958464
parcel,425,16,168,16,152,9.523809523809524,1461,1258,203,86.10540725530458
parse-server,336,20,69,20,49,28.985507246376812,1107,1025,82,92.5925925925926
pathway,29,7,17,7,10,41.17647058823529,239,172,67,71.96652719665272
payloadcms_payload,456,6,81,6,75,7.4074074074074066,4413,4048,365,91.72898255155224
pdf.js,464,7,149,7,142,4.697986577181208,4510,3907,603,86.62971175166298
peft,235,26,31,13,18,41.935483870967744,201,180,21,89.55223880597015
penpot,229,6,38,6,32,15.789473684210526,1474,1187,287,80.5291723202171
phaserjs_phaser,644,3,77,3,74,3.896103896103896,969,806,163,83.17853457172343
phoenix,1328,146,82,39,43,47.5609756097561,343,292,51,85.13119533527697
photoprism_photoprism,184,2,49,2,47,4.081632653061225,3008,2915,93,96.90824468085107
php-src,1333,45,153,43,110,28.104575163398692,2604,2214,390,85.02304147465438
phpunit,521,1,95,1,94,1.0526315789473684,5436,4913,523,90.37895511405445
pi-hole,242,6,40,6,34,15.0,712,635,77,89.18539325842697
pingcap_tidb,919,74,250,73,177,29.2,2156,1647,509,76.39146567717997
pingora,68,13,25,11,14,44.0,101,83,18,82.17821782178217
pipenv,507,7,59,7,52,11.864406779661017,730,604,126,82.73972602739727
pixijs,540,10,67,10,57,14.925373134328357,1322,1219,103,92.20877458396369
plane,120,9,51,9,42,17.647058823529413,844,613,231,72.6303317535545
playwright,632,6,66,6,60,9.090909090909092,3321,3059,262,92.11080999698886
plotly_dash,174,11,63,11,52,17.46031746031746,2395,2105,290,87.89144050104383
pm2,315,4,58,4,54,6.896551724137931,1404,1260,144,89.74358974358975
pnpm,319,1,135,1,134,0.7407407407407408,5468,4932,536,90.19751280175568
pocketbase,43,1,5,1,4,20.0,185,181,4,97.83783783783784
podman,798,12,93,12,81,12.903225806451612,2635,2293,342,87.02087286527515
poetry,591,36,107,29,78,27.102803738317753,1036,953,83,91.98841698841699
polars,580,9,133,9,124,6.7669172932330826,2465,2125,340,86.20689655172413
portainer,244,17,60,17,43,28.333333333333332,902,751,151,83.25942350332595
postcss,429,8,43,5,38,11.627906976744185,1218,1150,68,94.41707717569786
postgres,58,11,27,10,17,37.03703703703704,242,152,90,62.8099173553719
postgrest,210,7,37,7,30,18.91891891891892,625,527,98,84.32
postiz-app,53,2,18,2,16,11.11111111111111,496,378,118,76.20967741935483
powerlevel10k,304,3,7,3,4,42.857142857142854,45,40,5,88.88888888888889
preact,356,6,79,6,73,7.59493670886076,1418,1211,207,85.40197461212976
prettier,749,16,214,15,199,7.009345794392523,1830,1537,293,83.98907103825137
prisma,293,7,74,7,67,9.45945945945946,5062,4398,664,86.88265507704465
prometheus,1076,41,265,38,227,14.339622641509434,2246,1837,409,81.78984861976848
prophet,182,30,20,9,11,45.0,92,81,11,88.04347826086956
protobuf,1257,26,150,23,127,15.333333333333332,2405,2094,311,87.06860706860708
pulumi,301,19,151,19,132,12.582781456953644,4063,3379,684,83.16514890475018
puppeteer,529,14,70,14,56,20.0,1828,1676,152,91.68490153172867
pure,72,4,17,4,13,23.52941176470588,187,167,20,89.3048128342246
puter,275,4,33,4,29,12.121212121212121,325,257,68,79.07692307692308
pydantic,610,43,86,27,59,31.3953488372093,746,684,62,91.68900804289544
pyenv,452,22,30,10,20,33.33333333333333,158,131,27,82.91139240506328
pyscript,122,13,26,13,13,50.0,409,375,34,91.68704156479217
python-fire,69,10,9,5,4,55.55555555555556,41,37,4,90.2439024390244
python-telegram-bot,195,7,26,7,19,26.923076923076923,360,312,48,86.66666666666667
pytorch-lightning,974,26,107,24,83,22.429906542056074,1566,1381,185,88.18646232439336
pytorch_geometric,538,11,40,7,33,17.5,562,499,63,88.79003558718861
pytorch_pytorch,4672,274,680,237,443,34.85294117647059,9459,8150,1309,86.16132783592346
qBittorrent,400,4,25,4,21,16.0,559,453,106,81.03756708407872
qinglong,62,2,18,2,16,11.11111111111111,481,463,18,96.25779625779626
qlib,136,16,48,14,34,29.166666666666668,313,250,63,79.87220447284345
quasarframework_quasar,752,3,117,3,114,2.564102564102564,4069,3571,498,87.7611206684689
query,928,181,125,66,59,52.800000000000004,1462,1403,59,95.96443228454173
quivr,116,4,35,4,31,11.428571428571429,715,600,115,83.91608391608392
qwik,604,48,178,37,141,20.786516853932586,1562,1380,182,88.348271446863
radare2,1022,22,106,19,87,17.92452830188679,1324,1097,227,82.85498489425981
rails,5765,119,370,98,272,26.486486486486488,2492,2099,393,84.2295345104334
rancher,331,51,183,50,133,27.322404371584703,3392,2637,755,77.74174528301887
rapid7_metasploit-framework,1277,65,194,55,139,28.350515463917525,4468,4118,350,92.16651745747538
ray-project_ray,1277,68,325,68,257,20.923076923076923,4673,4027,646,86.17590413010913
raylib,755,21,45,11,34,24.444444444444443,516,470,46,91.08527131782945
rclone_rclone,954,17,78,13,65,16.666666666666664,533,439,94,82.36397748592871
react-admin,665,7,101,7,94,6.9306930693069315,2282,2019,263,88.47502191060474
react-bootstrap,521,20,56,19,37,33.92857142857143,974,934,40,95.89322381930184
react-hook-form,348,1,49,1,48,2.0408163265306123,1170,1041,129,88.97435897435896
react-native-vector-icons,161,2,36,2,34,5.555555555555555,749,689,60,91.98931909212284
react-native-web,207,1,22,1,21,4.545454545454546,634,604,30,95.26813880126183
react-native,3532,180,456,144,312,31.57894736842105,3986,3445,541,86.4274962368289
react-navigation,316,3,32,3,29,9.375,999,929,70,92.992992992993
react-redux,294,31,59,21,38,35.59322033898305,539,498,41,92.39332096474953
react-router,1161,14,469,14,455,2.9850746268656714,2781,2247,534,80.7982740021575
react-scan,35,4,10,4,6,40.0,222,208,14,93.69369369369369
react-spring,193,3,40,3,37,7.5,1027,926,101,90.16553067185978
react-testing-library,173,83,33,22,11,66.66666666666666,154,143,11,92.85714285714286
react-three-fiber,225,3,38,3,35,7.894736842105263,892,784,108,87.89237668161435
react,1842,34,225,34,191,15.11111111111111,2994,2622,372,87.5751503006012
recharts,354,18,91,17,74,18.681318681318682,753,654,99,86.85258964143426
recommenders,111,8,37,8,29,21.62162162162162,1503,1111,392,73.91882900864937
redash,502,19,137,19,118,13.86861313868613,1250,1001,249,80.08
redis,803,15,154,14,140,9.090909090909092,846,597,249,70.56737588652481
redisson,245,1,40,1,39,2.5,1814,1576,238,86.87982359426681
redoc,221,2,68,2,66,2.941176470588235,991,868,123,87.5882946518668
reduxjs_redux,1031,237,114,67,47,58.77192982456141,713,665,48,93.26788218793828
refined-github,381,11,55,11,44,20.0,810,735,75,90.74074074074075
refinedev_refine,304,7,53,7,46,13.20754716981132,2822,2522,300,89.36924167257264
reflex,176,8,36,8,28,22.22222222222222,452,398,54,88.05309734513274
relay,878,42,256,41,215,16.015625,1917,1420,497,74.07407407407408
rembg,74,7,9,3,6,33.33333333333333,85,77,8,90.58823529411765
remix,731,11,726,11,715,1.5151515151515151,2664,1845,819,69.25675675675676
remotion-dev_remotion,304,1,76,1,75,1.3157894736842104,5864,5320,544,90.72305593451568
requests,740,44,46,15,31,32.608695652173914,306,271,35,88.56209150326796
restic,433,3,28,3,25,10.714285714285714,510,457,53,89.6078431372549
retrofit,191,6,51,6,45,11.76470588235294,782,701,81,89.64194373401536
reveal.js,353,6,38,4,34,10.526315789473683,270,225,45,83.33333333333334
rich,273,6,44,6,38,13.636363636363635,774,704,70,90.95607235142118
ripgrep,405,39,55,12,43,21.818181818181817,580,534,46,92.06896551724138
robertdavidgraham_masscan,71,2,11,2,9,18.181818181818183,40,29,11,72.5
rocketmq,617,43,129,42,87,32.55813953488372,1605,1379,226,85.9190031152648
rocksdb,977,54,67,34,33,50.74626865671642,379,324,55,85.4881266490765
rollup,411,5,103,5,98,4.854368932038835,1858,1636,222,88.05166846071045
rrweb,131,4,22,4,18,18.181818181818183,488,466,22,95.49180327868852
ruby,1026,36,106,27,79,25.471698113207548,2483,2042,441,82.23922674184453
ruff,654,22,249,22,227,8.835341365461847,2526,1974,552,78.14726840855107
rufus,181,12,2,1,1,50.0,124,123,1,99.19354838709677
ruoyi-vue-pro,347,7,118,7,111,5.932203389830509,2598,2179,419,83.87220939183987
rust-lang_rust,6734,183,1173,169,1004,14.407502131287298,24497,21398,3099,87.34947136384046
rustdesk,375,11,78,10,68,12.82051282051282,1793,1542,251,86.0011154489682
saleor,278,17,117,17,100,14.529914529914532,3353,2709,644,80.79331941544885
sanic,348,38,49,24,25,48.97959183673469,342,311,31,90.93567251461988
scikit-learn,3131,119,115,58,57,50.43478260869565,914,844,70,92.34135667396062
scrapy,625,20,124,20,104,16.129032258064516,1669,1440,229,86.27920910724986
scrcpy,156,1,6,1,5,16.666666666666664,43,37,6,86.04651162790698
screenshot-to-code,25,1,9,1,8,11.11111111111111,110,98,12,89.0909090909091
searxng_searxng,310,8,165,8,157,4.848484848484849,2400,1812,588,75.5
seaweedfs,423,3,151,3,148,1.9867549668874174,1636,1208,428,73.83863080684596
semantic-release,240,36,36,15,21,41.66666666666667,323,302,21,93.49845201238391
sequelize,1175,66,120,41,79,34.166666666666664,1425,1332,93,93.47368421052632
serenity,1225,36,202,34,168,16.831683168316832,1410,1005,405,71.27659574468085
serve,170,6,43,6,37,13.953488372093023,1753,1484,269,84.65487735310896
serverless,1150,33,244,31,213,12.704918032786885,3503,3037,466,86.69711675706537
servers,610,198,165,125,40,75.75757575757575,517,474,43,91.68278529980658
servo_servo,1475,40,665,39,626,5.864661654135339,15057,11917,3140,79.1459122003055
setup-ipsec-vpn,26,1,4,1,3,25.0,183,169,14,92.34972677595628
setup,66,9,2,2,0,100.0,4,4,0,100.0
shadPS4,167,14,35,9,26,25.71428571428571,168,109,59,64.88095238095238
shadowsocks-android,51,2,25,2,23,8.0,1333,1269,64,95.19879969992499
shap,260,14,39,14,25,35.8974358974359,516,468,48,90.69767441860465
shardeum,52,9,39,9,30,23.076923076923077,659,574,85,87.10166919575114
sharp,225,1,75,1,74,1.3333333333333335,912,819,93,89.80263157894737
shellcheck,164,2,24,1,23,4.166666666666666,127,87,40,68.50393700787401
sherlock,265,23,196,20,176,10.204081632653061,1751,1410,341,80.5254140491148
signalapp_Signal-Android,373,6,174,6,168,3.4482758620689653,5858,4660,1198,79.54933424376921
signoz,161,17,68,17,51,25.0,1246,1039,207,83.3868378812199
simdjson,148,2,13,2,11,15.384615384615385,143,123,20,86.01398601398601
simple-icons,781,41,646,41,605,6.3467492260061915,5079,4006,1073,78.87379405394763
sing-box,86,1,13,1,12,7.6923076923076925,239,224,15,93.72384937238493
siyuan,83,2,34,2,32,5.88235294117647,2231,2122,109,95.11429852084267
skywalking,483,12,230,12,218,5.217391304347826,3118,2493,625,79.95509942270687
slate,592,59,85,37,48,43.529411764705884,1091,1039,52,95.23373052245645
slick,177,24,21,10,11,47.61904761904761,107,93,14,86.91588785046729
slidev,293,3,52,3,49,5.769230769230769,1104,1047,57,94.83695652173914
slim,72,2,14,2,12,14.285714285714285,147,129,18,87.75510204081633
slint,191,3,55,3,52,5.454545454545454,2978,2704,274,90.79919408999328
smolagents,165,23,32,10,22,31.25,185,161,24,87.02702702702703
socket.io,532,8,158,8,150,5.063291139240507,2649,2237,412,84.4469611174028
solid,168,4,34,4,30,11.76470588235294,894,833,61,93.17673378076063
solidity,743,18,85,17,68,20.0,2979,2381,598,79.92614971466935
sops,174,8,37,7,30,18.91891891891892,456,404,52,88.59649122807018
source-code-hunter,37,4,5,3,2,60.0,25,23,2,92.0
spacedrive,115,10,48,10,38,20.833333333333336,1409,1172,237,83.17955997161107
spacemacs,1361,85,11,7,4,63.63636363636363,128,121,7,94.53125
spdlog,421,2,16,2,14,12.5,230,200,30,86.95652173913044
spleeter,19,3,8,3,5,37.5,195,169,26,86.66666666666667
spotube,82,1,20,1,19,5.0,936,836,100,89.31623931623932
spring-cloud-alibaba,211,22,93,22,71,23.655913978494624,1150,1001,149,87.04347826086956
spring-framework,1091,7,73,7,66,9.58904109589041,2754,1577,1177,57.26216412490922
spring-projects_spring-boot,1374,4,279,4,275,1.4336917562724014,13559,11307,2252,83.39110553875655
sqlitebrowser,190,6,24,6,18,25.0,258,166,92,64.34108527131784
sqlmap,142,2,21,2,19,9.523809523809524,4295,4270,25,99.41792782305005
srs,125,1,28,1,27,3.571428571428571,1117,991,126,88.71978513876455
sst,209,3,40,3,37,7.5,664,608,56,91.56626506024097
stanford-oval_storm,26,4,4,2,2,50.0,22,20,2,90.9090909090909
starship,590,172,178,75,103,42.13483146067416,697,594,103,85.22238163558106
stats,165,1,6,1,5,16.666666666666664,87,82,5,94.25287356321839
statsd,235,54,29,16,13,55.172413793103445,121,108,13,89.25619834710744
stb,218,8,3,2,1,66.66666666666666,12,11,1,91.66666666666666
storybookjs_storybook,2171,17,674,17,657,2.522255192878338,28199,24202,3997,85.8257385013653
strapi_strapi,1073,18,476,18,458,3.7815126050420167,12459,10233,2226,82.13339754394414
streamlit,271,18,62,18,44,29.03225806451613,1700,1517,183,89.23529411764706
styled-components,368,25,124,23,101,18.548387096774192,1243,1069,174,86.00160901045857
subquery_subql,57,4,45,4,41,8.88888888888889,1894,1632,262,86.16684266103485
supabase_supabase,1616,30,391,30,361,7.672634271099745,7664,6351,1313,82.86795407098121
supervision,112,6,35,6,29,17.142857142857142,791,725,66,91.65613147914033
surrealdb,143,5,44,5,39,11.363636363636363,770,593,177,77.01298701298701
surya,13,2,4,2,2,50.0,376,354,22,94.14893617021278
svelte,813,11,163,11,152,6.748466257668712,2191,1902,289,86.80967594705614
svgo,222,9,47,7,40,14.893617021276595,468,419,49,89.52991452991454
swagger-ui,591,13,132,13,119,9.848484848484848,2927,2709,218,92.55210112743423
sway,143,19,77,19,58,24.675324675324674,1644,1386,258,84.30656934306569
swc-project_swc,336,3,136,3,133,2.2058823529411766,7345,6580,765,89.58475153165418
sweetalert2,123,1,20,1,19,5.0,725,676,49,93.24137931034483
swiftlang_swift,1304,44,274,44,230,16.05839416058394,6553,4927,1626,75.18693728063482
swiper,347,2,37,2,35,5.405405405405405,839,763,76,90.94159713945173
swoole-src,178,2,37,2,35,5.405405405405405,721,562,159,77.94729542302358
swr,191,26,46,12,34,26.08695652173913,370,333,37,90.0
syncthing,352,3,50,3,47,6.0,1219,959,260,78.67104183757178
tabby,113,4,53,4,49,7.547169811320755,1144,982,162,85.83916083916084
table,465,36,97,26,71,26.804123711340207,1099,1021,78,92.90263876251137
tabler-icons,81,1,19,1,18,5.263157894736842,482,407,75,84.43983402489627
tabler,140,1,44,1,43,2.272727272727273,1302,1170,132,89.86175115207374
taichi,234,12,59,11,48,18.64406779661017,755,526,229,69.66887417218544
tailscale,284,19,72,17,55,23.61111111111111,498,318,180,63.85542168674698
tailwindcss,306,4,47,4,43,8.51063829787234,861,695,166,80.72009291521486
taipy,71,6,36,6,30,16.666666666666664,1748,1365,383,78.08924485125857
tauri,466,10,156,10,146,6.41025641025641,1843,1572,271,85.29571351058057
tdesktop,215,2,27,2,25,7.4074074074074066,1747,1054,693,60.33199771036062
teable,37,4,24,4,20,16.666666666666664,523,442,81,84.51242829827916
teambit_bit,76,6,33,6,27,18.181818181818183,4492,4008,484,89.22528940338378
telescope.nvim,415,122,11,9,2,81.81818181818183,45,43,2,95.55555555555556
tensorflow,4001,254,549,114,435,20.76502732240437,3246,1940,1306,59.76586568083796
terminal,431,13,97,12,85,12.371134020618557,711,573,138,80.59071729957806
termux-app,85,3,28,3,25,10.714285714285714,361,301,60,83.37950138504155
terraform,2052,46,241,43,198,17.842323651452283,2000,1549,451,77.45
tesseract.js,82,4,17,4,13,23.52941176470588,256,232,24,90.625
tesseract,221,4,23,4,19,17.391304347826086,642,497,145,77.41433021806854
testify,299,86,30,23,7,76.66666666666667,101,93,8,92.07920792079209
text-generation-webui,367,2,73,2,71,2.73972602739726,530,426,104,80.37735849056604
textual,171,3,23,3,20,13.043478260869565,1197,1045,152,87.3015873015873
the-swift-programming-language-in-chinese,349,7,29,6,23,20.689655172413794,382,329,53,86.12565445026178
theia,354,35,122,35,87,28.688524590163933,1685,1456,229,86.40949554896142
timescaledb,106,11,39,11,28,28.205128205128204,737,646,91,87.65264586160109
timqian_chinese-independent-blogs,1314,567,9,7,2,77.77777777777779,858,856,2,99.76689976689977
tinygrad,411,6,75,6,69,8.0,978,788,190,80.57259713701431
tiptap,413,5,50,5,45,10.0,2475,2113,362,85.37373737373737
tldraw_tldraw,202,5,83,5,78,6.024096385542169,1621,1324,297,81.67797655768044
tmux,49,3,2,2,0,100.0,77,77,0,100.0
toeverything_AFFiNE,187,13,89,13,76,14.606741573033707,3377,2869,508,84.95706248149246
tokio,897,186,190,93,97,48.94736842105264,1210,1105,105,91.32231404958677
toml,182,33,16,11,5,68.75,47,42,5,89.36170212765957
tornado,446,7,33,4,29,12.121212121212121,498,451,47,90.56224899598394
traefik,907,54,290,48,242,16.551724137931036,2056,1792,264,87.15953307392996
transformers,3128,371,346,149,197,43.0635838150289,1802,1549,253,85.96004439511654
tree-sitter_tree-sitter,330,4,64,4,60,6.25,982,813,169,82.79022403258655
trivy,466,24,125,23,102,18.4,901,753,148,83.57380688124306
trix,72,2,17,2,15,11.76470588235294,201,89,112,44.27860696517413
trpc,465,7,83,7,76,8.433734939759036,1905,1762,143,92.49343832020998
trufflehog,159,13,36,8,28,22.22222222222222,166,108,58,65.06024096385542
twenty,459,21,88,21,67,23.863636363636363,1028,868,160,84.43579766536965
typeorm,1144,185,138,75,63,54.347826086956516,1013,946,67,93.38598223099703
typescript-go,61,8,13,5,8,38.46153846153847,107,96,11,89.7196261682243
typesense,50,4,10,4,6,40.0,273,136,137,49.81684981684982
typst,352,13,76,11,65,14.473684210526317,571,466,105,81.61120840630473
uWebSockets,57,1,5,1,4,20.0,38,10,28,26.31578947368421
ui,287,125,82,45,37,54.87804878048781,338,301,37,89.05325443786982
uikit,42,2,11,2,9,18.181818181818183,1277,1229,48,96.24119028974158
ultralytics,279,7,52,7,45,13.461538461538462,899,789,110,87.76418242491657
umami-software_umami,350,3,212,3,209,1.4150943396226416,2065,1565,500,75.78692493946731
ungoogled-chromium,99,6,23,5,18,21.73913043478261,306,268,38,87.58169934640523
uni-app,44,5,24,5,19,20.833333333333336,2223,1684,539,75.75348627980208
unilm,70,10,21,6,15,28.57142857142857,63,42,21,66.66666666666666
unionlabs_union,31,7,17,7,10,41.17647058823529,4692,4038,654,86.06138107416879
unleashed-firmware,395,17,56,16,40,28.57142857142857,580,413,167,71.20689655172414
unocss,370,13,79,13,66,16.455696202531644,1187,1094,93,92.16512215669755
unsloth,64,1,9,1,8,11.11111111111111,182,173,9,95.05494505494505
uppy,451,6,57,6,51,10.526315789473683,2282,2008,274,87.99298860648554
upscayl,42,2,29,2,27,6.896551724137931,433,367,66,84.75750577367207
uptime-kuma,755,81,486,67,419,13.786008230452676,2146,1558,588,72.60018639328985
uv,387,5,95,5,90,5.263157894736842,1855,1562,293,84.20485175202155
v2ray-core,165,3,31,3,28,9.67741935483871,540,402,138,74.44444444444444
v2rayNG,61,9,42,8,34,19.047619047619047,536,389,147,72.57462686567165
v2rayN,103,1,15,1,14,6.666666666666667,71,47,24,66.19718309859155
v86,99,2,14,2,12,14.285714285714285,137,91,46,66.42335766423358
v8,916,72,98,47,51,47.95918367346938,853,620,233,72.68464243845251
v,824,23,81,20,61,24.691358024691358,1121,992,129,88.49241748438894
vagrant,1246,8,160,8,152,5.0,1801,1436,365,79.73348139922265
validator.js,556,128,37,23,14,62.16216216216216,379,364,15,96.04221635883906
validator,241,34,8,6,2,75.0,54,52,2,96.29629629629629
valkey,858,18,184,17,167,9.239130434782608,971,688,283,70.85478887744593
vanna,88,6,31,6,25,19.35483870967742,326,289,37,88.65030674846625
vant-weapp,181,6,37,6,31,16.216216216216218,700,623,77,89.0
vant,358,1,37,1,36,2.7027027027027026,2410,1971,439,81.78423236514523
vapor,263,3,28,3,25,10.714285714285714,426,318,108,74.64788732394366
vault,1465,64,222,62,160,27.927927927927925,1995,1622,373,81.30325814536342
vaultwarden,166,8,48,8,40,16.666666666666664,842,731,111,86.81710213776722
vectordotdev_vector,545,20,224,20,204,8.928571428571429,6204,5320,884,85.75112830431979
vercel_next.js,3747,81,1151,80,1071,6.950477845351869,11701,9924,1777,84.81326382360483
vercel_turborepo,565,15,163,15,148,9.202453987730062,3124,2587,537,82.81049935979513
video.js,523,25,176,24,152,13.636363636363635,1282,1086,196,84.71138845553821
vim-airline,365,10,7,4,3,57.14285714285714,40,35,5,87.5
vim,600,2,31,2,29,6.451612903225806,339,177,162,52.21238938053098
vimium,187,4,22,4,18,18.181818181818183,342,278,64,81.28654970760235
viper,189,54,19,14,5,73.68421052631578,124,119,5,95.96774193548387
vite,1104,55,227,48,179,21.145374449339208,2221,2011,210,90.54479963980188
vitess,462,21,191,21,170,10.99476439790576,4351,3254,1097,74.78740519420822
vllm,1106,162,174,92,82,52.87356321839081,797,703,94,88.20577164366374
vnpy,142,3,39,3,36,7.6923076923076925,630,459,171,72.85714285714285
voice-changer,24,2,10,2,8,20.0,516,438,78,84.88372093023256
void,49,2,20,2,18,10.0,523,402,121,76.8642447418738
vscodium,129,3,27,3,24,11.11111111111111,794,755,39,95.088161209068
vue-admin-better,11,1,6,1,5,16.666666666666664,388,363,25,93.55670103092784
vue-pure-admin,74,1,19,1,18,5.263157894736842,671,606,65,90.31296572280179
vue-vben-admin,107,9,29,7,22,24.137931034482758,406,374,32,92.11822660098522
vue2-elm,16,1,2,1,1,50.0,30,29,1,96.66666666666667
vuetify,1056,5,243,5,238,2.05761316872428,3847,3202,645,83.23368858851052
vueuse,751,136,72,41,31,56.94444444444444,1050,1018,32,96.95238095238096
vulhub,78,1,44,1,43,2.272727272727273,1681,1587,94,94.40809042236764
wagtail,895,14,110,13,97,11.818181818181818,1226,1009,217,82.30016313213703
wails,298,3,34,3,31,8.823529411764707,574,513,61,89.37282229965156
wasmer,229,13,95,13,82,13.684210526315791,5507,4356,1151,79.0993281278373
web-check,31,1,7,1,6,14.285714285714285,149,140,9,93.95973154362416
webpack,877,12,237,12,225,5.063291139240507,4192,3707,485,88.43034351145039
webtorrent,186,2,33,2,31,6.0606060606060606,1104,965,139,87.40942028985508
wechat-app-mall,28,1,8,1,7,12.5,226,213,13,94.24778761061947
wechaty,59,1,26,1,25,3.8461538461538463,4233,3678,555,86.88873139617293
wekan_wekan,313,3,157,3,154,1.910828025477707,4718,4017,701,85.14200932598558
weui,32,4,13,4,9,30.76923076923077,173,156,17,90.17341040462428
wezterm,403,1,71,1,70,1.4084507042253522,1566,1444,122,92.20945083014048
wg-easy,79,5,42,5,37,11.904761904761903,729,646,83,88.61454046639233
whisper.cpp,568,108,36,16,20,44.44444444444444,159,137,22,86.16352201257862
whisper,78,45,7,6,1,85.71428571428571,27,26,1,96.29629629629629
wiki,211,1,70,1,69,1.4285714285714286,750,665,85,88.66666666666667
windows95,16,1,3,1,2,33.33333333333333,86,82,4,95.34883720930233
windows,23,1,12,1,11,8.333333333333332,201,169,32,84.07960199004975
winget-cli,112,9,35,9,26,25.71428571428571,443,365,78,82.39277652370203
winutil,97,5,64,5,59,7.8125,373,288,85,77.21179624664879
withastro_astro,806,2,193,2,191,1.0362694300518136,4766,4003,763,83.99076793957197
ws,202,5,26,4,22,15.384615384615385,450,419,31,93.11111111111111
x64dbg,148,3,12,3,9,25.0,63,52,11,82.53968253968253
xbmc,991,46,319,46,273,14.420062695924765,7532,5477,2055,72.71640998406798
xgboost,645,16,62,16,46,25.806451612903224,666,569,97,85.43543543543544
xstate,365,2,54,2,52,3.7037037037037033,1372,1246,126,90.81632653061224
xterm.js,334,4,74,4,70,5.405405405405405,2005,1758,247,87.68079800498752
xxl-job,98,2,27,2,25,7.4074074074074066,535,496,39,92.71028037383178
xyflow,121,2,29,2,27,6.896551724137931,1422,1291,131,90.78762306610409
yabai,4,1,1,1,0,100.0,7,7,0,100.0
yazi,138,6,81,6,75,7.4074074074074066,513,405,108,78.94736842105263
yew,432,42,100,35,65,35.0,913,837,76,91.67579408543264
yfinance,133,4,15,3,12,20.0,217,191,26,88.0184331797235
yjs,119,1,9,1,8,11.11111111111111,637,629,8,98.74411302982732
yoga,302,25,52,20,32,38.46153846153847,321,272,49,84.73520249221184
yolov5,341,4,30,4,26,13.333333333333334,462,423,39,91.55844155844156
you-get,255,9,8,3,5,37.5,85,73,12,85.88235294117646
youtube-dl,961,5,20,4,16,20.0,234,147,87,62.82051282051282
youtube-music,420,26,347,26,321,7.492795389048991,1808,1298,510,71.7920353982301
yt-dlp,1545,14,42,11,31,26.190476190476193,517,450,67,87.04061895551257
yup,165,25,18,4,14,22.22222222222222,228,214,14,93.85964912280701
zap,147,28,21,12,9,57.14285714285714,81,71,10,87.65432098765432
zed-industries_zed,1236,18,494,18,476,3.643724696356275,8109,6452,1657,79.5659144160809
zellij-org_zellij,166,6,53,6,47,11.320754716981133,710,544,166,76.61971830985915
zig,1146,29,35,13,22,37.142857142857146,334,302,32,90.41916167664671
zod,396,15,36,10,26,27.77777777777778,740,708,32,95.67567567567568
zoxide,90,3,18,1,17,5.555555555555555,159,140,19,88.0503144654088
zstd,385,7,41,6,35,14.634146341463413,624,483,141,77.40384615384616
zulip_zulip,1114,40,341,40,301,11.730205278592376,6551,5088,1463,77.6675316745535
zustand,302,57,46,26,20,56.52173913043478,441,421,20,95.46485260770974
zx,61,2,18,2,16,11.11111111111111,423,400,23,94.56264775413712
zxing,172,5,51,5,46,9.803921568627452,1243,1121,122,90.18503620273532
