project_name,total_contributors,config_contributors,non_config_contributors,config_contributors_percentage,total_commits,total_config_commits,total_non_config_commits,config_commits_percentage,avg_commits_per_contributor,avg_config_commits_per_contributor,avg_config_commits_per_config_contributor,unique_config_files_count
1Panel,89,33,56,37.08,3672,707,2965,19.25,41.26,7.94,21.42,186
3x-ui,132,76,56,57.58,1832,451,1381,24.62,13.88,3.42,5.93,34
APIJSON,92,19,73,20.65,3320,298,3022,8.98,36.09,3.24,15.68,122
AdGuardHome,118,50,68,42.37,4293,1145,3148,26.67,36.38,9.70,22.90,93
AdminLTE,128,26,102,20.31,2708,992,1716,36.63,21.16,7.75,38.15,83
Aerial,65,12,53,18.46,1384,271,1113,19.58,21.29,4.17,22.58,29
AgentGPT,86,44,42,51.16,1500,391,1109,26.07,17.44,4.55,8.89,469
Alamofire,291,19,272,6.53,1657,193,1464,11.65,5.69,0.66,10.16,32
AnotherRedisDesktopManager,45,7,38,15.56,868,220,648,25.35,19.29,4.89,31.43,17
Anuken_Mindustry,1087,898,189,82.61,19550,9064,10486,46.36,17.99,8.34,10.09,447
Apktool,142,39,103,27.46,2241,472,1769,21.06,15.78,3.32,12.10,30
Apollo-11,212,4,208,1.89,574,31,543,5.40,2.71,0.15,7.75,9
AppFlowy-IO_AppFlowy,424,287,137,67.69,7202,3114,4088,43.24,16.99,7.34,10.85,810
ArchiveBox,159,41,118,25.79,4645,959,3686,20.65,29.21,6.03,23.39,202
Avalonia,699,126,573,18.03,27197,1781,25416,6.55,38.91,2.55,14.13,71
BabylonJS_Babylon.js,898,289,609,32.18,46130,7318,38812,15.86,51.37,8.15,25.32,487
Bend,59,19,40,32.20,2133,289,1844,13.55,36.15,4.90,15.21,10
Bilibili-Evolved,86,24,62,27.91,8440,1979,6461,23.45,98.14,23.01,82.46,58
BitNet,25,2,23,8.00,76,2,74,2.63,3.04,0.08,1.00,6
Budibase_budibase,174,105,69,60.34,46987,16308,30679,34.71,270.04,93.72,155.31,3243
CasaOS,34,17,17,50.00,682,187,495,27.42,20.06,5.50,11.00,29
Catch2,444,21,423,4.73,4594,144,4450,3.13,10.35,0.32,6.86,16
Chart.js,553,62,491,11.21,4567,605,3962,13.25,8.26,1.09,9.76,37
Charts,208,18,190,8.65,1856,93,1763,5.01,8.92,0.45,5.17,18
Chat2DB,74,36,38,48.65,3877,1103,2774,28.45,52.39,14.91,30.64,130
ChatTTS,57,4,53,7.02,421,38,383,9.03,7.39,0.67,9.50,7
ChromeAppHeroes,7,5,2,71.43,844,145,699,17.18,120.57,20.71,29.00,452
Clash-for-Windows_Chinese,4,3,1,75.00,592,35,557,5.91,148.00,8.75,11.67,261
CodeEdit,166,36,130,21.69,2146,266,1880,12.40,12.93,1.60,7.39,63
ColossalAI,264,67,197,25.38,3840,418,3422,10.89,14.55,1.58,6.24,153
ComfyUI,253,23,230,9.09,3645,216,3429,5.93,14.41,0.85,9.39,90
CopilotKit_CopilotKit,142,44,98,30.99,3859,1552,2307,40.22,27.18,10.93,35.27,703
CyberChef,239,134,105,56.07,4172,1616,2556,38.73,17.46,6.76,12.06,20
CymChad_BaseRecyclerViewAdapterHelper,70,39,31,55.71,1568,328,1240,20.92,22.40,4.69,8.41,10
Dapper,263,20,243,7.60,1610,225,1385,13.98,6.12,0.86,11.25,18
Deep-Live-Cam,59,12,47,20.34,461,27,434,5.86,7.81,0.46,2.25,12
DeepSeek-V3,29,4,25,13.79,68,4,64,5.88,2.34,0.14,1.00,4
DeepSpeech,186,31,155,16.67,3467,722,2745,20.82,18.64,3.88,23.29,151
DeepSpeed,442,61,381,13.80,2851,431,2420,15.12,6.45,0.98,7.07,56
DoKit,188,83,105,44.15,2349,600,1749,25.54,12.49,3.19,7.23,391
Docker-OSX,57,18,39,31.58,500,236,264,47.20,8.77,4.14,13.11,16
Dokploy_dokploy,268,129,139,48.13,4312,1597,2715,37.04,16.09,5.96,12.38,474
Ehviewer_CN_SXJ,19,16,3,84.21,821,186,635,22.66,43.21,9.79,11.62,83
ExplorerPatcher,15,7,8,46.67,948,42,906,4.43,63.20,2.80,6.00,13
FFmpeg,2604,28,2576,1.08,120055,83,119972,0.07,46.10,0.03,2.96,2
FastChat,253,37,216,14.62,890,137,753,15.39,3.52,0.54,3.70,26
FastGPT,161,63,98,39.13,2397,936,1461,39.05,14.89,5.81,14.86,467
Files,348,43,305,12.36,6360,301,6059,4.73,18.28,0.86,7.00,56
FiraCode,132,9,123,6.82,612,27,585,4.41,4.64,0.20,3.00,4
FlClash,3,2,1,66.67,190,131,59,68.95,63.33,43.67,65.50,32
Flowise,264,117,147,44.32,3023,1133,1890,37.48,11.45,4.29,9.68,178
Folo,156,77,79,49.36,5403,1550,3853,28.69,34.63,9.94,20.13,565
FreeTubeApp_FreeTube,752,675,77,89.76,9379,7626,1753,81.31,12.47,10.14,11.30,227
GPT-SoVITS,105,25,80,23.81,991,110,881,11.10,9.44,1.05,4.40,75
GSAP,4,3,1,75.00,184,104,80,56.52,46.00,26.00,34.67,3
GSYVideoPlayer,30,9,21,30.00,1627,341,1286,20.96,54.23,11.37,37.89,44
Genesis,74,18,56,24.32,608,84,524,13.82,8.22,1.14,4.67,34
GoogleChrome_lighthouse,409,166,243,40.59,6462,2495,3967,38.61,15.80,6.10,15.03,315
GyulyVGC_sniffnet,87,25,62,28.74,2510,817,1693,32.55,28.85,9.39,32.68,187
HanLP,56,5,51,8.93,1795,102,1693,5.68,32.05,1.82,20.40,8
HandBrake,186,35,151,18.82,13032,693,12339,5.32,70.06,3.73,19.80,68
HikariCP,169,28,141,16.57,2964,568,2396,19.16,17.54,3.36,20.29,18
HumanSignal_label-studio,182,89,93,48.90,5625,2825,2800,50.22,30.91,15.52,31.74,586
Hyprland,559,51,508,9.12,6283,304,5979,4.84,11.24,0.54,5.96,31
ILSpy,180,18,162,10.00,8112,352,7760,4.34,45.07,1.96,19.56,29
IOPaint,27,7,20,25.93,921,137,784,14.88,34.11,5.07,19.57,22
Ice,12,1,11,8.33,1138,40,1098,3.51,94.83,3.33,40.00,31
ImHex,184,55,129,29.89,5323,709,4614,13.32,28.93,3.85,12.89,164
Infisical_infisical,278,138,140,49.64,16012,3830,12182,23.92,57.60,13.78,27.75,578
Inquirer.js,257,58,199,22.57,1810,770,1040,42.54,7.04,3.00,13.28,135
Iosevka,89,35,54,39.33,5255,2299,2956,43.75,59.04,25.83,65.69,41
Jobs_Applier_AI_Agent_AIHawk,10,2,8,20.00,59,2,57,3.39,5.90,0.20,1.00,14
KaTeX,190,51,139,26.84,2189,632,1557,28.87,11.52,3.33,12.39,40
Karabiner-Elements,52,19,33,36.54,7207,681,6526,9.45,138.60,13.10,35.84,1034
Kingfisher,252,8,244,3.17,3140,239,2901,7.61,12.46,0.95,29.88,81
Kong_insomnia,379,114,265,30.08,5798,2423,3375,41.79,15.30,6.39,21.25,780
LLMs-from-scratch,50,10,40,20.00,893,106,787,11.87,17.86,2.12,10.60,33
LLaMA-Factory,234,54,180,23.08,2905,398,2507,13.70,12.41,1.70,7.37,160
Langchain-Chatchat,192,32,160,16.67,2419,266,2153,11.00,12.60,1.39,8.31,812
LazyVim,298,8,290,2.68,2709,137,2572,5.06,9.09,0.46,17.12,18
Leaflet,1043,51,992,4.89,7919,670,7249,8.46,7.59,0.64,13.14,19
LibreChat,248,81,167,32.66,2825,975,1850,34.51,11.39,3.93,12.04,188
LightRAG,191,40,151,20.94,3992,293,3699,7.34,20.90,1.53,7.33,56
LocalAI,149,46,103,30.87,4256,1688,2568,39.66,28.56,11.33,36.70,253
LunarVim,338,36,302,10.65,2676,290,2386,10.84,7.92,0.86,8.06,34
MMKV,61,13,48,21.31,1677,230,1447,13.71,27.49,3.77,17.69,87
MPAndroidChart,90,24,66,26.67,2072,247,1825,11.92,23.02,2.74,10.29,10
MagicMirror,434,189,245,43.55,4920,1452,3468,29.51,11.34,3.35,7.68,119
Magisk,385,246,139,63.90,7312,2030,5282,27.76,18.99,5.27,8.25,55
MediaCrawler,68,6,62,8.82,511,13,498,2.54,7.51,0.19,2.17,6
MetaGPT,193,83,110,43.01,6354,827,5527,13.02,32.92,4.28,9.96,265
MinerU,82,36,46,43.90,3290,667,2623,20.27,40.12,8.13,18.53,88
MiniCPM-o,47,5,42,10.64,538,13,525,2.42,11.45,0.28,2.60,20
Mobile-Security-Framework-MobSF,116,36,80,31.03,2012,547,1465,27.19,17.34,4.72,15.19,86
MoneyPrinterTurbo,37,19,18,51.35,460,139,321,30.22,12.43,3.76,7.32,19
NaiboWang_EasySpider,22,12,10,54.55,656,358,298,54.57,29.82,16.27,29.83,2203
NationalSecurityAgency_ghidra,403,43,360,10.67,15780,1141,14639,7.23,39.16,2.83,26.53,83
NativeScript_NativeScript,341,125,216,36.66,7602,2211,5391,29.08,22.29,6.48,17.69,625
NervJS_taro,906,232,674,25.61,14293,4115,10178,28.79,15.78,4.54,17.74,437
NewPipe,1101,910,191,82.65,11660,7019,4641,60.20,10.59,6.38,7.71,31
NextChat,327,85,242,25.99,3053,517,2536,16.93,9.34,1.58,6.08,32
NginxProxyManager_nginx-proxy-manager,252,143,109,56.75,2025,846,1179,41.78,8.04,3.36,5.92,284
NvChad,221,14,207,6.33,1737,36,1701,2.07,7.86,0.16,2.57,19
OCRmyPDF,122,19,103,15.57,4020,539,3481,13.41,32.95,4.42,28.37,22
OI-wiki,1240,187,1053,15.08,12097,1303,10794,10.77,9.76,1.05,6.97,200
OSX-KVM,15,3,12,20.00,40,8,32,20.00,2.67,0.53,2.67,1
OmniParser,14,7,7,50.00,147,12,135,8.16,10.50,0.86,1.71,9
OpenAPI-Specification,285,92,193,32.28,3338,918,2420,27.50,11.71,3.22,9.98,321
OpenAPITools_openapi-generator,3685,1180,2505,32.02,21599,6655,14944,30.81,5.86,1.81,5.64,4772
OpenBB-finance_OpenBB,285,123,162,43.16,6746,2282,4464,33.83,23.67,8.01,18.55,986
OpenClash,82,12,70,14.63,2864,235,2629,8.21,34.93,2.87,19.58,55
OpenHands,374,127,247,33.96,4873,1450,3423,29.76,13.03,3.88,11.42,178
OpenManus,70,30,40,42.86,462,116,346,25.11,6.60,1.66,3.87,27
OpenVoice,20,1,19,5.00,126,1,125,0.79,6.30,0.05,1.00,0
PDFMathTranslate,66,23,43,34.85,1068,270,798,25.28,16.18,4.09,11.74,26
PHPMailer,315,29,286,9.21,2508,334,2174,13.32,7.96,1.06,11.52,11
PaddleOCR,317,107,210,33.75,6647,1150,5497,17.30,20.97,3.63,10.75,339
Perplexica,36,11,25,30.56,510,121,389,23.73,14.17,3.36,11.00,16
PicGo,21,6,15,28.57,536,201,335,37.50,25.52,9.57,33.50,17
PostHog_posthog,429,197,232,45.92,29197,6330,22867,21.68,68.06,14.76,32.13,1051
PowerShell_PowerShell,625,136,489,21.76,11192,2187,9005,19.54,17.91,3.50,16.08,348
PowerToys,620,140,480,22.58,8064,837,7227,10.38,13.01,1.35,5.98,251
PrefectHQ_prefect,428,163,265,38.08,19702,5824,13878,29.56,46.03,13.61,35.73,437
Proton,104,5,99,4.81,2231,23,2208,1.03,21.45,0.22,4.60,6
QuickLook,79,3,76,3.80,1199,64,1135,5.34,15.18,0.81,21.33,5
Qwen,47,9,38,19.15,509,24,485,4.72,10.83,0.51,2.67,9
Qwen3,58,10,48,17.24,300,34,266,11.33,5.17,0.59,3.40,21
RSSHub,1604,116,1488,7.23,14705,4875,9830,33.15,9.17,3.04,42.03,75
ReactiveX_RxSwift,464,38,426,8.19,3716,219,3497,5.89,8.01,0.47,5.76,9
Real-Time-Voice-Cloning,22,2,20,9.09,299,3,296,1.00,13.59,0.14,1.50,2
Rectangle,159,8,151,5.03,1299,34,1265,2.62,8.17,0.21,4.25,56
RevokeMsgPatcher,7,2,5,28.57,281,91,190,32.38,40.14,13.00,45.50,19
Rocket,323,76,247,23.53,2452,682,1770,27.81,7.59,2.11,8.97,113
RustPython,592,157,435,26.52,14617,1684,12933,11.52,24.69,2.84,10.73,69
RxJava,361,37,324,10.25,6234,442,5792,7.09,17.27,1.22,11.95,16
SDWebImage,358,15,343,4.19,3700,179,3521,4.84,10.34,0.50,11.93,45
Sa-Token,153,35,118,22.88,2416,551,1865,22.81,15.79,3.60,15.74,248
Scrapegraph-ai,120,36,84,30.00,2756,1112,1644,40.35,22.97,9.27,30.89,66
ScreenToGif,126,3,123,2.38,1323,14,1309,1.06,10.50,0.11,4.67,2
Seal,45,21,24,46.67,1428,668,760,46.78,31.73,14.84,31.81,20
SeleniumHQ_selenium,1060,188,872,17.74,33554,3506,30048,10.45,31.65,3.31,18.65,341
ShareX,318,11,307,3.46,8162,205,7957,2.51,25.67,0.64,18.64,61
SingleFile,59,33,26,55.93,8046,2749,5297,34.17,136.37,46.59,83.30,42
SmartTube,154,140,14,90.91,11999,5282,6717,44.02,77.92,34.30,37.73,105
SmsForwarder,29,18,11,62.07,820,458,362,55.85,28.28,15.79,25.44,23
SnapKit,97,13,84,13.40,540,25,515,4.63,5.57,0.26,1.92,8
Sortable,194,33,161,17.01,1112,179,933,16.10,5.73,0.92,5.42,6
SteamTools,38,17,21,44.74,5172,609,4563,11.77,136.11,16.03,35.82,76
Stirling-PDF,290,201,89,69.31,3716,1787,1929,48.09,12.81,6.16,8.89,278
Sunshine,155,46,109,29.68,2801,881,1920,31.45,18.07,5.68,19.15,119
SwiftLint,501,61,440,12.18,7082,609,6473,8.60,14.14,1.22,9.98,38
SwiftyJSON,173,22,151,12.72,773,81,692,10.48,4.47,0.47,3.68,8
SwitchHosts,48,9,39,18.75,1395,418,977,29.96,29.06,8.71,46.44,31
TDengine,446,200,246,44.84,78754,4544,74210,5.77,176.58,10.19,22.72,390
Tasmota,666,171,495,25.68,20628,2983,17645,14.46,30.97,4.48,17.44,1721
ToolJet_ToolJet,718,170,548,23.68,11883,2552,9331,21.48,16.55,3.55,15.01,1300
TrafficMonitor,56,23,33,41.07,1291,137,1154,10.61,23.05,2.45,5.96,35
TriliumNext_trilium,318,199,119,62.58,20918,7357,13561,35.17,65.78,23.14,36.97,555
TryGhost_Ghost,863,367,496,42.53,43173,14618,28555,33.86,50.03,16.94,39.83,796
UTM,112,11,101,9.82,3543,178,3365,5.02,31.63,1.59,16.18,78
Umi-OCR,21,5,16,23.81,1265,49,1216,3.87,60.24,2.33,9.80,6
Ventoy,129,96,33,74.42,1104,580,524,52.54,8.56,4.50,6.04,42
WSL,94,27,67,28.72,444,152,292,34.23,4.72,1.62,5.63,28
WordPress,127,31,96,24.41,51214,258,50956,0.50,403.26,2.03,8.32,174
Wox,158,23,135,14.56,3830,577,3253,15.07,24.24,3.65,25.09,200
WxJava,565,79,486,13.98,4052,783,3269,19.32,7.17,1.39,9.91,64
XX-Net,115,31,84,26.96,2587,310,2277,11.98,22.50,2.70,10.00,116
Xray-core,203,36,167,17.73,1406,84,1322,5.97,6.93,0.41,2.33,12
YesPlayMusic,93,37,56,39.78,719,164,555,22.81,7.73,1.76,4.43,22
ace,657,111,546,16.89,8966,844,8122,9.41,13.65,1.28,7.60,34
acme.sh,692,94,598,13.58,6000,639,5361,10.65,8.67,0.92,6.80,25
act,219,61,158,27.85,1285,397,888,30.89,5.87,1.81,6.51,73
actix-web,433,106,327,24.48,4800,1716,3084,35.75,11.09,3.96,16.19,74
actual,352,76,276,21.59,3047,728,2319,23.89,8.66,2.07,9.58,103
age,60,11,49,18.33,316,40,276,12.66,5.27,0.67,3.64,9
agentic,145,13,132,8.97,1939,733,1206,37.80,13.37,5.06,56.38,450
agenticSeek,39,14,25,35.90,846,130,716,15.37,21.69,3.33,9.29,24
agno,253,56,197,22.13,3843,622,3221,16.19,15.19,2.46,11.11,76
ai-hedge-fund,35,9,26,25.71,634,61,573,9.62,18.11,1.74,6.78,19
aider,188,51,137,27.13,12933,1035,11898,8.00,68.79,5.51,20.29,45
air,109,35,74,32.11,415,124,291,29.88,3.81,1.14,3.54,13
airbnb_lottie-ios,280,31,249,11.07,1333,348,985,26.11,4.76,1.24,11.23,382
alacritty,478,160,318,33.47,2437,706,1731,28.97,5.10,1.48,4.41,28
alpine,311,35,276,11.25,2237,461,1776,20.61,7.19,1.48,13.17,26
amark_gun,184,61,123,33.15,2527,696,1831,27.54,13.73,3.78,11.41,120
angular-cli,860,259,601,30.12,16846,7941,8905,47.14,19.59,9.23,30.66,543
angular_angular,2647,568,2079,21.46,34900,9311,25589,26.68,13.18,3.52,16.39,2169
anime,61,6,55,9.84,801,57,744,7.12,13.13,0.93,9.50,7
anki,370,55,315,14.86,11921,1026,10895,8.61,32.22,2.77,18.65,142
anoma,19,9,10,47.37,2603,108,2495,4.15,137.00,5.68,12.00,36
ansible_ansible,7062,1569,5493,22.22,55189,12185,43004,22.08,7.81,1.73,7.77,4272
ant-design,2712,342,2370,12.61,29625,6991,22634,23.60,10.92,2.58,20.44,121
ant-design-pro,403,102,301,25.31,2638,824,1814,31.24,6.55,2.04,8.08,99
ant-design-vue,328,35,293,10.67,5290,895,4395,16.92,16.13,2.73,25.57,28
antlr4,476,109,367,22.90,9401,1177,8224,12.52,19.75,2.47,10.80,43
anything-llm,141,31,110,21.99,1452,356,1096,24.52,10.30,2.52,11.48,49
apache_airflow,4095,893,3202,21.81,33790,8066,25724,23.87,8.25,1.97,9.03,1287
apache_echarts,361,77,284,21.33,10136,1340,8796,13.22,28.08,3.71,17.40,534
apache_shardingsphere,899,399,500,44.38,47135,11341,35794,24.06,52.43,12.62,28.42,9065
apache_spark,3519,698,2821,19.84,45823,5589,40234,12.20,13.02,1.59,8.01,291
apache_superset,1431,368,1063,25.72,17881,4371,13510,24.44,12.50,3.05,11.88,810
apify_crawlee,133,58,75,43.61,5100,2096,3004,41.10,38.35,15.76,36.14,213
apollo,240,98,142,40.83,2955,908,2047,30.73,12.31,3.78,9.27,180
apollographql_apollo-client,955,189,766,19.79,13282,5733,7549,43.16,13.91,6.00,30.33,191
appium,468,147,321,31.41,11484,4105,7379,35.75,24.54,8.77,27.93,443
appsmithorg_appsmith,468,246,222,52.56,20131,6301,13830,31.30,43.01,13.46,25.61,984
argoproj_argo-cd,1906,535,1371,28.07,9498,2914,6584,30.68,4.98,1.53,5.45,497
arthas,250,43,207,17.20,2066,536,1530,25.94,8.26,2.14,12.47,199
asdf,306,28,278,9.15,2031,213,1818,10.49,6.64,0.70,7.61,22
aseprite,158,71,87,44.94,10192,1536,8656,15.07,64.51,9.72,21.63,43
atuinsh_atuin,269,109,160,40.52,1445,648,797,44.84,5.37,2.41,5.94,72
autocomplete,559,60,499,10.73,4897,1830,3067,37.37,8.76,3.27,30.50,38
autogen,553,122,431,22.06,3677,625,3052,17.00,6.65,1.13,5.12,358
automa,54,30,24,55.56,2060,946,1114,45.92,38.15,17.52,31.53,49
ava,344,93,251,27.03,2066,782,1284,37.85,6.01,2.27,8.41,20
axios,520,63,457,12.12,1680,407,1273,24.23,3.23,0.78,6.46,30
axum,395,96,299,24.30,1658,521,1137,31.42,4.20,1.32,5.43,84
babel,1295,545,750,42.08,18098,7281,10817,40.23,13.98,5.62,13.36,658
backbone,375,44,331,11.73,3547,243,3304,6.85,9.46,0.65,5.52,11
backstage_backstage,2607,1039,1568,39.85,67960,15877,52083,23.36,26.07,6.09,15.28,2132
badges_shields,602,86,516,14.29,8212,4695,3517,57.17,13.64,7.80,54.59,92
bagisto,354,151,203,42.66,21166,5439,15727,25.70,59.79,15.36,36.02,127
baidu_amis,406,95,311,23.40,14904,1487,13417,9.98,36.71,3.66,15.65,312
barry-ran_QtScrcpy,37,14,23,37.84,812,125,687,15.39,21.95,3.38,8.93,11
base_node,83,35,48,42.17,224,126,98,56.25,2.70,1.52,3.60,13
bat,437,99,338,22.65,3350,731,2619,21.82,7.67,1.67,7.38,56
bazel,1507,153,1354,10.15,43504,778,42726,1.79,28.87,0.52,5.08,217
bcc,784,33,751,4.21,4989,113,4876,2.26,6.36,0.14,3.42,9
beego,590,61,529,10.34,4833,315,4518,6.52,8.19,0.53,5.16,35
beekeeper-studio,192,78,114,40.62,6954,1907,5047,27.42,36.22,9.93,24.45,74
bettercap,109,22,87,20.18,2267,162,2105,7.15,20.80,1.49,7.36,66
bevy,1446,419,1027,28.98,9364,1979,7385,21.13,6.48,1.37,4.72,289
bilibili-API-collect,242,15,227,6.20,1085,34,1051,3.13,4.48,0.14,2.27,10
biome,599,199,400,33.22,8187,2703,5484,33.02,13.67,4.51,13.58,712
bitcoin,1395,164,1231,11.76,45223,2237,42986,4.95,32.42,1.60,13.64,65
black,497,116,381,23.34,2000,438,1562,21.90,4.02,0.88,3.78,35
blueprint,482,140,342,29.05,3923,1291,2632,32.91,8.14,2.68,9.22,180
bokeh,769,128,641,16.64,20789,3417,17372,16.44,27.03,4.44,26.70,763
bootstrap,1732,196,1536,11.32,23087,3971,19116,17.20,13.33,2.29,20.26,135
brave-browser,156,69,87,44.23,9750,6935,2815,71.13,62.50,44.46,100.51,24
brew,1361,136,1225,9.99,45622,3422,42200,7.50,33.52,2.51,25.16,334
browser-use,270,82,188,30.37,4201,961,3240,22.88,15.56,3.56,11.72,33
bruno,392,113,279,28.83,3087,802,2285,25.98,7.88,2.05,7.10,63
btop,138,15,123,10.87,1289,215,1074,16.68,9.34,1.56,14.33,14
bubbletea,151,15,136,9.93,1039,66,973,6.35,6.88,0.44,4.40,17
bulletproof-react,53,7,46,13.21,264,62,202,23.48,4.98,1.17,8.86,27
caddy,335,25,310,7.46,2284,167,2117,7.31,6.82,0.50,6.68,15
cadvisor,422,111,311,26.30,3653,507,3146,13.88,8.66,1.20,4.57,131
calcom_cal.com,884,349,535,39.48,14568,5045,9523,34.63,16.48,5.71,14.46,827
calculator,120,21,99,17.50,891,199,692,22.33,7.42,1.66,9.48,22
calibre,470,53,417,11.28,51461,2219,49242,4.31,109.49,4.72,41.87,33
canal,272,106,166,38.97,1689,646,1043,38.25,6.21,2.38,6.09,118
carbon-lang,179,33,146,18.44,4157,309,3848,7.43,23.22,1.73,9.36,75
casbin,181,30,151,16.57,1114,117,997,10.50,6.15,0.65,3.90,11
ccxt_ccxt,954,216,738,22.64,91461,29151,62310,31.87,95.87,30.56,134.96,109
celery,1464,105,1359,7.17,12856,1043,11813,8.11,8.78,0.71,9.93,39
certbot,598,147,451,24.58,11208,1733,9475,15.46,18.74,2.90,11.79,160
chakra-ui,815,130,685,15.95,10977,2936,8041,26.75,13.47,3.60,22.58,1529
chatgpt-on-wechat,119,43,76,36.13,1363,211,1152,15.48,11.45,1.77,4.91,18
chatwoot_chatwoot,332,144,188,43.37,5466,2015,3451,36.86,16.46,6.07,13.99,2796
cheerio,176,50,126,28.41,3742,2585,1157,69.08,21.26,14.69,51.70,30
cherry-studio,292,145,147,49.66,3429,1094,2335,31.90,11.74,3.75,7.54,64
chi,168,13,155,7.74,781,69,712,8.83,4.65,0.41,5.31,4
chroma,186,54,132,29.03,3208,1137,2071,35.44,17.25,6.11,21.06,310
cilium_cilium,1336,539,797,40.34,39620,8882,30738,22.42,29.66,6.65,16.48,2266
clash-verge-rev,119,61,58,51.26,2851,1022,1829,35.85,23.96,8.59,16.75,71
classnames,57,16,41,28.07,470,230,240,48.94,8.25,4.04,14.38,12
cli,366,53,313,14.48,3585,625,2960,17.43,9.80,1.71,11.79,25
cline,192,59,133,30.73,2720,772,1948,28.38,14.17,4.02,13.08,78
cloc,140,48,92,34.29,1247,421,826,33.76,8.91,3.01,8.77,10
cloudreve,57,18,39,31.58,1021,128,893,12.54,17.91,2.25,7.11,14
cmder,184,51,133,27.72,1721,480,1241,27.89,9.35,2.61,9.41,12
cobalt,50,31,19,62.00,3200,1041,2159,32.53,64.00,20.82,33.58,124
cobra,341,30,311,8.80,1089,95,994,8.72,3.19,0.28,3.17,11
coc.nvim,295,63,232,21.36,6291,1104,5187,17.55,21.33,3.74,17.52,31
code-server,284,107,177,37.68,3955,1295,2660,32.74,13.93,4.56,12.10,1165
codemirror5,1053,19,1034,1.80,7179,285,6894,3.97,6.82,0.27,15.00,5
codex,118,32,86,27.12,491,163,328,33.20,4.16,1.38,5.09,53
colima,85,16,69,18.82,539,98,441,18.18,6.34,1.15,6.12,20
colly,134,14,120,10.45,726,45,681,6.20,5.42,0.34,3.21,6
commander.js,208,50,158,24.04,1436,457,979,31.82,6.90,2.20,9.14,11
commitlint,294,88,206,29.93,3061,1327,1734,43.35,10.41,4.51,15.08,246
compiler-explorer_compiler-explorer,660,462,198,70.00,10485,5010,5475,47.78,15.89,7.59,10.84,335
components,918,104,814,11.33,14089,2749,11340,19.51,15.35,2.99,26.43,559
compose,253,88,165,34.78,5307,1027,4280,19.35,20.98,4.06,11.67,271
compose-multiplatform,192,51,141,26.56,2505,599,1906,23.91,13.05,3.12,11.75,446
compose-samples,193,90,103,46.63,3211,1127,2084,35.10,16.64,5.84,12.52,105
composer,1331,171,1160,12.85,12837,967,11870,7.53,9.64,0.73,5.65,35
composio,16,12,4,75.00,765,435,330,56.86,47.81,27.19,36.25,191
conductor,444,159,285,35.81,5050,1102,3948,21.82,11.37,2.48,6.93,148
config,4,3,1,75.00,1834,414,1420,22.57,458.50,103.50,138.00,12
consul,1176,263,913,22.36,21598,2221,19377,10.28,18.37,1.89,8.44,304
containerd,853,196,657,22.98,15365,3384,11981,22.02,18.01,3.97,17.27,311
continuedev_continue,515,186,329,36.12,19639,7395,12244,37.65,38.13,14.36,39.76,510
core,424,69,355,16.27,4667,1189,3478,25.48,11.01,2.80,17.23,130
core-js,147,17,130,11.56,7071,2302,4769,32.56,48.10,15.66,135.41,25
coreutils,822,297,525,36.13,16601,4353,12248,26.22,20.20,5.30,14.66,259
cosmopolitan,106,11,95,10.38,2739,49,2690,1.79,25.84,0.46,4.45,28
cpython,3524,174,3350,4.94,127539,920,126619,0.72,36.19,0.26,5.29,113
crawl4ai,44,6,38,13.64,813,154,659,18.94,18.48,3.50,25.67,47
create-t3-app,380,75,305,19.74,1366,488,878,35.72,3.59,1.28,6.51,56
crewAI,268,74,194,27.61,1535,582,953,37.92,5.73,2.17,7.86,49
croc,132,23,109,17.42,2105,197,1908,9.36,15.95,1.49,8.57,61
crystal,665,42,623,6.32,16035,612,15423,3.82,24.11,0.92,14.57,40
cube,389,140,249,35.99,9665,3424,6241,35.43,24.85,8.80,24.46,811
curl,1540,87,1453,5.65,35541,1434,34107,4.03,23.08,0.93,16.48,78
cursor-free-vip,53,28,25,52.83,578,184,394,31.83,10.91,3.47,6.57,104
cypress-io_cypress,586,213,373,36.35,22263,8354,13909,37.52,37.99,14.26,39.22,943
czkawka,75,22,53,29.33,647,226,421,34.93,8.63,3.01,10.27,32
d2,80,39,41,48.75,4930,1830,3100,37.12,61.62,22.88,46.92,9
daisyui,290,56,234,19.31,2484,733,1751,29.51,8.57,2.53,13.09,93
dapr,394,189,205,47.97,6402,1882,4520,29.40,16.25,4.78,9.96,443
darkreader,1673,80,1593,4.78,9146,1133,8013,12.39,5.47,0.68,14.16,265
dashy,202,92,110,45.54,3763,1081,2682,28.73,18.63,5.35,11.75,129
dayjs,353,25,328,7.08,1559,190,1369,12.19,4.42,0.54,7.60,8
daytona,207,165,42,79.71,1249,414,835,33.15,6.03,2.00,2.51,331
dbeaver_dbeaver,501,325,176,64.87,27758,8735,19023,31.47,55.41,17.44,26.88,2996
ddia,129,3,126,2.33,888,10,878,1.13,6.88,0.08,3.33,8
decaporg_decap-cms,615,113,502,18.37,4424,1650,2774,37.30,7.19,2.68,14.60,326
deepface,105,12,93,11.43,2008,126,1882,6.27,19.12,1.20,10.50,18
delta,153,30,123,19.61,2149,358,1791,16.66,14.05,2.34,11.93,20
delve,271,20,251,7.38,2818,112,2706,3.97,10.40,0.41,5.60,34
deno,1154,269,885,23.31,13919,3943,9976,28.33,12.06,3.42,14.66,197
deskflow,166,39,127,23.49,5921,610,5311,10.30,35.67,3.67,15.64,113
deskreen,29,24,5,82.76,253,141,112,55.73,8.72,4.86,5.88,71
desktop,177,43,134,24.29,5651,1617,4034,28.61,31.93,9.14,37.60,79
detectron2,297,28,269,9.43,1549,206,1343,13.30,5.22,0.69,7.36,189
dev-sidecar,14,8,6,57.14,1211,226,985,18.66,86.50,16.14,28.25,16
devdocs,285,32,253,11.23,6247,798,5449,12.77,21.92,2.80,24.94,29
devise,731,75,656,10.26,3911,273,3638,6.98,5.35,0.37,3.64,5
dgraph,276,114,162,41.30,6399,1144,5255,17.88,23.18,4.14,10.04,208
dgtlmoon_changedetection.io,114,32,82,28.07,1944,297,1647,15.28,17.05,2.61,9.28,31
diagrams,174,28,146,16.09,630,149,481,23.65,3.62,0.86,5.32,13
diff-so-fancy,99,15,84,15.15,727,119,608,16.37,7.34,1.20,7.93,7
diffusers,988,99,889,10.02,5662,576,5086,10.17,5.73,0.58,5.82,46
dimsemenov_PhotoSwipe,86,19,67,22.09,732,165,567,22.54,8.51,1.92,8.68,23
dioxus,398,152,246,38.19,6738,2322,4416,34.46,16.93,5.83,15.28,288
directus_directus,541,329,212,60.81,13175,6144,7031,46.63,24.35,11.36,18.67,913
discord.js,653,118,535,18.07,8446,1868,6578,22.12,12.93,2.86,15.83,364
disruptor,87,24,63,27.59,1349,213,1136,15.79,15.51,2.45,8.88,18
distroless,173,93,80,53.76,2158,1278,880,59.22,12.47,7.39,13.74,68
dive,71,19,52,26.76,508,105,403,20.67,7.15,1.48,5.53,22
django,3390,166,3224,4.90,33659,890,32769,2.64,9.93,0.26,5.36,31
django-rest-framework,1494,121,1373,8.10,8888,850,8038,9.56,5.95,0.57,7.02,22
docker-elk,70,47,23,67.14,501,284,217,56.69,7.16,4.06,6.04,55
dockge,104,96,8,92.31,352,272,80,77.27,3.38,2.62,2.83,53
docling,101,39,62,38.61,561,331,230,59.00,5.55,3.28,8.49,24
docs,54,14,40,25.93,665,300,365,45.11,12.31,5.56,21.43,24
docsify,221,46,175,20.81,1858,699,1159,37.62,8.41,3.16,15.20,31
docusaurus,1276,275,1001,21.55,6356,1932,4424,30.40,4.98,1.51,7.03,761
dokku,599,45,554,7.51,11930,2302,9628,19.30,19.92,3.84,51.16,155
dolt,244,85,159,34.84,27000,2438,24562,9.03,110.66,9.99,28.68,1241
doomemacs,926,10,916,1.08,20039,130,19909,0.65,21.64,0.14,13.00,30
dotenv,113,37,76,32.74,821,273,548,33.25,7.27,2.42,7.38,12
dotnet_aspnetcore,1670,350,1320,20.96,55607,14479,41128,26.04,33.30,8.67,41.37,3768
draggable,61,21,40,34.43,482,153,329,31.74,7.90,2.51,7.29,31
dragonfly,161,61,100,37.89,3593,449,3144,12.50,22.32,2.79,7.36,99
drawdb,95,18,77,18.95,984,130,854,13.21,10.36,1.37,7.22,11
drawio-desktop,26,20,6,76.92,962,606,356,62.99,37.00,23.31,30.30,22
driver.js,53,9,44,16.98,531,147,384,27.68,10.02,2.77,16.33,9
drizzle-orm,148,57,91,38.51,2870,1327,1543,46.24,19.39,8.97,23.28,131
druid,397,95,302,23.93,7726,887,6839,11.48,19.46,2.23,9.34,52
dspy,398,121,277,30.40,4085,822,3263,20.12,10.26,2.07,6.79,3681
dub,101,34,67,33.66,17904,2395,15509,13.38,177.27,23.71,70.44,78
dubbo,735,207,528,28.16,8517,2971,5546,34.88,11.59,4.04,14.35,512
duckdb,660,238,422,36.06,59185,9576,49609,16.18,89.67,14.51,40.24,284
echo,316,26,290,8.23,1770,160,1610,9.04,5.60,0.51,6.15,51
editor.js,73,29,44,39.73,837,367,470,43.85,11.47,5.03,12.66,18
egg,249,45,204,18.07,1198,456,742,38.06,4.81,1.83,10.13,58
egui,552,115,437,20.83,3989,714,3275,17.90,7.23,1.29,6.21,93
eladmin,70,23,47,32.86,616,169,447,27.44,8.80,2.41,7.35,20
elastic_elasticsearch,2525,771,1754,30.53,90987,23394,67593,25.71,36.03,9.26,30.34,7342
electron-react-boilerplate,177,86,91,48.59,1141,694,447,60.82,6.45,3.92,8.07,26
electron_electron,1619,148,1471,9.14,29671,3978,25693,13.41,18.33,2.46,26.88,285
element-plus,838,111,727,13.25,6493,1360,5133,20.95,7.75,1.62,12.25,254
eleventy,138,46,92,33.33,3218,1019,2199,31.67,23.32,7.38,22.15,25
elixir,1680,49,1631,2.92,21337,283,21054,1.33,12.70,0.17,5.78,21
ember.js,1234,210,1024,17.02,22922,3968,18954,17.31,18.58,3.22,18.90,144
emscripten,1043,111,932,10.64,28770,1542,27228,5.36,27.58,1.48,13.89,61
ente-io_ente,314,208,106,66.24,46161,8328,37833,18.04,147.01,26.52,40.04,963
envoy,1583,547,1036,34.55,24816,4669,20147,18.81,15.68,2.95,8.54,794
eruda,29,8,21,27.59,1010,341,669,33.76,34.83,11.76,42.62,14
esbuild,126,26,100,20.63,4305,717,3588,16.66,34.17,5.69,27.58,86
eslint,1223,266,957,21.75,10273,2469,7804,24.03,8.40,2.02,9.28,76
etcd,1216,182,1034,14.97,23325,2145,21180,9.20,19.18,1.76,11.79,281
etcher,123,56,67,45.53,3469,1604,1865,46.24,28.20,13.04,28.64,31
etherpad-lite,403,116,287,28.78,9116,2617,6499,28.71,22.62,6.49,22.56,268
everyone-can-use-english,77,14,63,18.18,1450,413,1037,28.48,18.83,5.36,29.50,46
excalidraw,368,116,252,31.52,3789,1576,2213,41.59,10.30,4.28,13.59,218
excelize,277,15,262,5.42,1307,64,1243,4.90,4.72,0.23,4.27,10
explosion_spaCy,830,211,619,25.42,16246,2293,13953,14.11,19.57,2.76,10.87,121
express,379,73,306,19.26,6065,1478,4587,24.37,16.00,3.90,20.25,15
faas,212,65,147,30.66,2165,616,1549,28.45,10.21,2.91,9.48,248
fabric,230,35,195,15.22,2618,261,2357,9.97,11.38,1.13,7.46,85
fabric.js,354,45,309,12.71,5225,883,4342,16.90,14.76,2.49,19.62,65
facebook_hhvm,3004,550,2454,18.31,80550,3780,76770,4.69,26.81,1.26,6.87,3707
facefusion,5,3,2,60.00,381,44,337,11.55,76.20,8.80,14.67,8
faceswap,114,17,97,14.91,1835,110,1725,5.99,16.10,0.96,6.47,26
fairseq,467,39,428,8.35,2328,96,2232,4.12,4.99,0.21,2.46,283
faiss,267,37,230,13.86,1493,227,1266,15.20,5.59,0.85,6.14,22
faker,659,51,608,7.74,3997,711,3286,17.79,6.07,1.08,13.94,15
fastai,301,58,243,19.27,2859,645,2214,22.56,9.50,2.14,11.12,39
fastapi,851,231,620,27.14,5843,1079,4764,18.47,6.87,1.27,4.67,91
fasthttp,254,18,236,7.09,1825,92,1733,5.04,7.19,0.36,5.11,6
fastify,870,117,753,13.45,4487,1270,3217,28.30,5.16,1.46,10.85,46
fastlane_fastlane,1673,176,1497,10.52,16666,1015,15651,6.09,9.96,0.61,5.77,626
fd,216,58,158,26.85,1696,554,1142,32.67,7.85,2.56,9.55,15
fiber,462,38,424,8.23,4244,398,3846,9.38,9.19,0.86,10.47,43
filament,246,31,215,12.60,7585,581,7004,7.66,30.83,2.36,18.74,468
filebrowser,223,95,128,42.60,2696,700,1996,25.96,12.09,3.14,7.37,138
fingerprintjs,121,29,92,23.97,877,218,659,24.86,7.25,1.80,7.52,12
firecracker,308,86,222,27.92,7060,1220,5840,17.28,22.92,3.96,14.19,119
firecrawl,109,47,62,43.12,3579,798,2781,22.30,32.83,7.32,16.98,135
firefly-iii,203,50,153,24.63,20859,3167,17692,15.18,102.75,15.60,63.34,320
fish-shell,1192,41,1151,3.44,20954,411,20543,1.96,17.58,0.34,10.02,28
fish-speech,86,26,60,30.23,682,278,404,40.76,7.93,3.23,10.69,78
flameshot,323,49,274,15.17,2088,321,1767,15.37,6.46,0.99,6.55,27
flash-attention,124,15,109,12.10,935,164,771,17.54,7.54,1.32,10.93,113
flask,885,60,825,6.78,5439,671,4768,12.34,6.15,0.76,11.18,17
flatbuffers,746,124,622,16.62,3220,512,2708,15.90,4.32,0.69,4.13,50
flink,2298,710,1588,30.90,37089,5539,31550,14.93,16.14,2.41,7.80,557
floating-ui,134,35,99,26.12,2388,527,1861,22.07,17.82,3.93,15.06,89
flow,1052,112,940,10.65,19382,1526,17856,7.87,18.42,1.45,13.62,57
flutter_flutter,2304,367,1937,15.93,86374,7773,78601,9.00,37.49,3.37,21.18,932
flux,32,6,26,18.75,58,8,50,13.79,1.81,0.25,1.33,2
fmt,592,28,564,4.73,7547,342,7205,4.53,12.75,0.58,12.21,15
focalboard,294,190,104,64.63,3646,1155,2491,31.68,12.40,3.93,6.08,145
folly,1751,47,1704,2.68,14530,87,14443,0.60,8.30,0.05,1.85,124
framework,4712,229,4483,4.86,39919,2442,37477,6.12,8.47,0.52,10.66,102
framework7,197,32,165,16.24,7014,952,6062,13.57,35.60,4.83,29.75,59
freqtrade,459,126,333,27.45,28973,2657,26316,9.17,63.12,5.79,21.09,54
frida,56,6,50,10.71,4493,140,4353,3.12,80.23,2.50,23.33,19
frigate,327,58,269,17.74,4327,830,3497,19.18,13.23,2.54,14.31,822
frp,140,44,96,31.43,1269,441,828,34.75,9.06,3.15,10.02,83
fuel-core,79,52,27,65.82,1407,728,679,51.74,17.81,9.22,14.00,153
fuels-rs,63,41,22,65.08,882,509,373,57.71,14.00,8.08,12.41,180
fuels-ts,77,41,36,53.25,1830,1024,806,55.96,23.77,13.30,24.98,550
fullPage.js,181,22,159,12.15,2306,271,2035,11.75,12.74,1.50,12.32,20
fullcalendar,168,24,144,14.29,6484,1050,5434,16.19,38.60,6.25,43.75,131
fx,34,7,27,20.59,686,212,474,30.90,20.18,6.24,30.29,12
fyne,278,73,205,26.26,11703,1116,10587,9.54,42.10,4.01,15.29,73
fzf,310,17,293,5.48,3323,146,3177,4.39,10.72,0.47,8.59,18
gatsbyjs_gatsby,4429,1804,2625,40.73,21753,9425,12328,43.33,4.91,2.13,5.22,664
generative-models,25,11,14,44.00,78,19,59,24.36,3.12,0.76,1.73,32
gethomepage_homepage,506,292,214,57.71,6860,5311,1549,77.42,13.56,10.50,18.19,131
getsentry_sentry,1106,345,761,31.19,93449,6519,86930,6.98,84.49,5.89,18.90,786
ghostty,399,50,349,12.53,11022,744,10278,6.75,27.62,1.86,14.88,61
gin,504,41,463,8.13,1851,198,1653,10.70,3.67,0.39,4.83,12
gin-vue-admin,296,86,210,29.05,3276,777,2499,23.72,11.07,2.62,9.03,56
git-extras,314,12,302,3.82,1817,42,1775,2.31,5.79,0.13,3.50,4
gitbook,33,24,9,72.73,1427,379,1048,26.56,43.24,11.48,15.79,69
github-readme-stats,286,31,255,10.84,1506,579,927,38.45,5.27,2.02,18.68,31
github1s,52,16,36,30.77,434,178,256,41.01,8.35,3.42,11.12,129
gitleaks,246,144,102,58.54,1251,469,782,37.49,5.09,1.91,3.26,37
gitui,142,35,107,24.65,2509,539,1970,21.48,17.67,3.80,15.40,29
gkd,7,4,3,57.14,1044,224,820,21.46,149.14,32.00,56.00,37
glance,75,8,67,10.67,849,60,789,7.07,11.32,0.80,7.50,11
glances,232,71,161,30.60,6430,1483,4947,23.06,27.72,6.39,20.89,44
gleam,331,89,242,26.89,9402,1058,8344,11.25,28.40,3.20,11.89,60
glide,206,34,172,16.50,3026,530,2496,17.51,14.69,2.57,15.59,81
glow,54,15,39,27.78,838,103,735,12.29,15.52,1.91,6.87,18
go,2892,78,2814,2.70,63315,304,63011,0.48,21.89,0.11,3.90,39
go-gitea_gitea,1773,582,1191,32.83,19963,5908,14055,29.59,11.26,3.33,10.15,719
go-kratos_kratos,359,53,306,14.76,1983,184,1799,9.28,5.52,0.51,3.47,342
go-micro,230,20,210,8.70,3888,106,3782,2.73,16.90,0.46,5.30,69
go-redis,401,34,367,8.48,2736,269,2467,9.83,6.82,0.67,7.91,28
go-zero,343,21,322,6.12,2867,155,2712,5.41,8.36,0.45,7.38,94
goaccess,192,39,153,20.31,4360,380,3980,8.72,22.71,1.98,9.74,13
godot,3713,1432,2281,38.57,75575,15812,59763,20.92,20.35,4.26,11.04,90
gogs,604,176,428,29.14,6089,1540,4549,25.29,10.08,2.55,8.75,92
google-research_google-research,851,190,661,22.33,4861,282,4579,5.80,5.71,0.33,1.48,408
google_fonts,180,42,138,23.33,11743,1964,9779,16.72,65.24,10.91,46.76,1739
googletest,533,60,473,11.26,4517,320,4197,7.08,8.47,0.60,5.33,9
gopeed,56,24,32,42.86,631,332,299,52.61,11.27,5.93,13.83,36
goreplay,144,26,118,18.06,1326,156,1170,11.76,9.21,1.08,6.00,34
gorhill_uBlock,139,58,81,41.73,13613,4227,9386,31.05,97.94,30.41,72.88,228
gorm,479,27,452,5.64,2752,105,2647,3.82,5.75,0.22,3.89,23
gpt-researcher,212,48,164,22.64,2688,367,2321,13.65,12.68,1.73,7.65,72
gpt4all,146,39,107,26.71,2289,445,1844,19.44,15.68,3.05,11.41,66
gpt4free,283,49,234,17.31,3487,253,3234,7.26,12.32,0.89,5.16,61
gpt_academic,133,21,112,15.79,2391,207,2184,8.66,17.98,1.56,9.86,24
graal,533,203,330,38.09,91138,4645,86493,5.10,170.99,8.71,22.88,667
gradio,445,96,349,21.57,7873,1686,6187,21.41,17.69,3.79,17.56,406
gradle,1157,458,699,39.59,125733,16519,109214,13.14,108.67,14.28,36.07,785
grafana_loki,1294,500,794,38.64,10449,3140,7309,30.05,8.07,2.43,6.28,1507
grapesjs,228,38,190,16.67,6161,816,5345,13.24,27.02,3.58,21.47,31
graphql,503,124,379,24.65,12093,6277,5816,51.91,24.04,12.48,50.62,579
graphql-js,239,59,180,24.69,3245,1082,2163,33.34,13.58,4.53,18.34,39
graphrag,51,27,24,52.94,393,341,52,86.77,7.71,6.69,12.63,336
gravitational_teleport,454,230,224,50.66,24438,3963,20475,16.22,53.83,8.73,17.23,1029
grpc-gateway,461,155,306,33.62,4465,768,3697,17.20,9.69,1.67,4.95,113
grpc-go,544,52,492,9.56,5548,233,5315,4.20,10.20,0.43,4.48,22
grpc_grpc,1269,384,885,30.26,57608,13188,44420,22.89,45.40,10.39,34.34,383
gson,185,43,142,23.24,2117,613,1504,28.96,11.44,3.31,14.26,26
guava,497,93,404,18.71,6941,769,6172,11.08,13.97,1.55,8.27,31
guidance,94,19,75,20.21,1855,213,1642,11.48,19.73,2.27,11.21,34
gulp,273,37,236,13.55,1212,267,945,22.03,4.44,0.98,7.22,10
gum,76,8,68,10.53,640,39,601,6.09,8.42,0.51,4.88,13
guzzle,444,58,386,13.06,3689,447,3242,12.12,8.31,1.01,7.71,46
ha_xiaomi_home,36,16,20,44.44,227,100,127,44.05,6.31,2.78,6.25,38
hackathon-starter,226,53,173,23.45,2702,654,2048,24.20,11.96,2.89,12.34,14
halo,189,69,120,36.51,5631,1528,4103,27.14,29.79,8.08,22.14,406
handsontable_handsontable,173,61,112,35.26,8990,1907,7083,21.21,51.97,11.02,31.26,2172
harbor,505,250,255,49.50,12432,3646,8786,29.33,24.62,7.22,14.58,694
harness,73,43,30,58.90,3382,698,2684,20.64,46.33,9.56,16.23,72
hashcat,221,22,199,9.95,9950,146,9804,1.47,45.02,0.66,6.64,13
hasura_graphql-engine,504,178,326,35.32,9778,2524,7254,25.81,19.40,5.01,14.18,1615
haystack,331,174,157,52.57,4238,1938,2300,45.73,12.80,5.85,11.14,1527
headlessui,72,17,55,23.61,901,217,684,24.08,12.51,3.01,12.76,35
headscale,243,80,163,32.92,3477,795,2682,22.86,14.31,3.27,9.94,120
helix,1268,732,536,57.73,6700,2225,4475,33.21,5.28,1.75,3.04,242
hello-algo,244,29,215,11.89,2107,259,1848,12.29,8.64,1.06,8.93,32
helm,972,193,779,19.86,8566,1383,7183,16.15,8.81,1.42,7.17,72
heroicons,35,15,20,42.86,231,120,111,51.95,6.60,3.43,8.00,14
heroui-inc_heroui,273,48,225,17.58,3651,1285,2366,35.20,13.37,4.71,26.77,345
hexo,234,58,176,24.79,3696,873,2823,23.62,15.79,3.73,15.05,32
hey,14,8,6,57.14,1412,327,1085,23.16,100.86,23.36,40.88,60
hiddify-app,92,67,25,72.83,2088,1139,949,54.55,22.70,12.38,17.00,76
highlight.js,862,54,808,6.26,6702,347,6355,5.18,7.77,0.40,6.43,20
homebrew-cask,12342,114,12228,0.92,330640,1548,329092,0.47,26.79,0.13,13.58,68
homebridge,140,70,70,50.00,1514,709,805,46.83,10.81,5.06,10.13,35
honojs_hono,268,51,217,19.03,2427,838,1589,34.53,9.06,3.13,16.43,110
hoppscotch,319,150,169,47.02,5767,2202,3565,38.18,18.08,6.90,14.68,326
hosts,181,31,150,17.13,4181,2133,2048,51.02,23.10,11.78,68.81,70
html5-boilerplate,344,98,246,28.49,2592,1143,1449,44.10,7.53,3.32,11.66,35
htmx,456,29,427,6.36,3413,324,3089,9.49,7.48,0.71,11.17,16
huginn,286,58,228,20.28,3819,411,3408,10.76,13.35,1.44,7.09,66
hugo,930,96,834,10.32,9084,1358,7726,14.95,9.77,1.46,14.15,149
hutool,474,40,434,8.44,5643,599,5044,10.61,11.91,1.26,14.97,27
iTerm2-Color-Schemes,288,141,147,48.96,825,203,622,24.61,2.86,0.70,1.44,4589
ice,105,52,53,49.52,3279,1703,1576,51.94,31.23,16.22,32.75,498
iced,334,94,240,28.14,6036,1223,4813,20.26,18.07,3.66,13.01,126
ignite,263,76,187,28.90,2748,968,1780,35.23,10.45,3.68,12.74,1196
iina,189,48,141,25.40,3768,237,3531,6.29,19.94,1.25,4.94,169
imgui,534,20,514,3.75,9098,134,8964,1.47,17.04,0.25,6.70,16
immich-app_immich,787,269,518,34.18,8405,3591,4814,42.72,10.68,4.56,13.35,401
immutable-js,243,42,201,17.28,2013,450,1563,22.35,8.28,1.85,10.71,271
incubator-seata,427,164,263,38.41,2281,781,1500,34.24,5.34,1.83,4.76,176
influxdb,795,303,492,38.11,49761,7984,41777,16.04,62.59,10.04,26.35,509
ingress-nginx,1228,414,814,33.71,8112,2382,5730,29.36,6.61,1.94,5.75,1379
ink,132,27,105,20.45,613,204,409,33.28,4.64,1.55,7.56,4
insightface,85,9,76,10.59,2368,32,2336,1.35,27.86,0.38,3.56,22
intro.js,127,24,103,18.90,1561,649,912,41.58,12.29,5.11,27.04,13
invoke-ai_InvokeAI,431,202,229,46.87,18534,3838,14696,20.71,43.00,8.90,19.00,810
ionic-team_ionic-framework,587,91,496,15.50,14303,3226,11077,22.55,24.37,5.50,35.45,240
ionicons,70,42,28,60.00,720,440,280,61.11,10.29,6.29,10.48,46
ip2region,68,23,45,33.82,709,116,593,16.36,10.43,1.71,5.04,22
ish,74,12,62,16.22,4186,138,4048,3.30,56.57,1.86,11.50,20
jadx,164,64,100,39.02,2484,417,2067,16.79,15.15,2.54,6.52,29
jan,136,89,47,65.44,5171,1703,3468,32.93,38.02,12.52,19.13,657
jax,1021,94,927,9.21,28787,1280,27507,4.45,28.19,1.25,13.62,56
jeecgboot_JeecgBoot,39,17,22,43.59,2064,680,1384,32.95,52.92,17.44,40.00,491
jekyll,1289,137,1152,10.63,11845,840,11005,7.09,9.19,0.65,6.13,47
jellyfin,1640,1064,576,64.88,27658,4467,23191,16.15,16.86,2.72,4.20,809
jenkinsci_jenkins,1267,536,731,42.30,37619,13245,24374,35.21,29.69,10.45,24.71,11407
jest,1762,432,1330,24.52,7436,2447,4989,32.91,4.22,1.39,5.66,532
jgthms_bulma,457,44,413,9.63,1941,503,1438,25.91,4.25,1.10,11.43,176
jhipster_generator-jhipster,1160,515,645,44.40,58370,30370,28000,52.03,50.32,26.18,58.97,4075
jitsi_jitsi-meet,799,457,342,57.20,13476,3565,9911,26.45,16.87,4.46,7.80,211
joi,280,28,252,10.00,2520,542,1978,21.51,9.00,1.94,19.36,10
jotai,248,43,205,17.34,1665,769,896,46.19,6.71,3.10,17.88,56
jq,240,132,108,55.00,1842,595,1247,32.30,7.67,2.48,4.51,35
jquery_jquery,409,61,348,14.91,6788,465,6323,6.85,16.60,1.14,7.62,24
js-cookie,68,24,44,35.29,928,330,598,35.56,13.65,4.85,13.75,21
jsdom,378,109,269,28.84,3788,1003,2785,26.48,10.02,2.65,9.20,12
json-server,93,17,76,18.28,976,352,624,36.07,10.49,3.78,20.71,16
jsoncrack.com,42,15,27,35.71,1770,369,1401,20.85,42.14,8.79,24.60,24
julia,2120,170,1950,8.02,59135,1360,57775,2.30,27.89,0.64,8.00,173
jumpserver,226,92,134,40.71,12434,1919,10515,15.43,55.02,8.49,20.86,483
juspay_hyperswitch,281,151,130,53.74,5876,2142,3734,36.45,20.91,7.62,14.19,1292
just,210,38,172,18.10,1466,387,1079,26.40,6.98,1.84,10.18,26
k3s,322,112,210,34.78,3714,902,2812,24.29,11.53,2.80,8.05,436
k6,278,93,185,33.45,9955,964,8991,9.68,35.81,3.47,10.37,190
k9s,360,129,231,35.83,1915,465,1450,24.28,5.32,1.29,3.60,227
kafka,1707,348,1359,20.39,16061,1837,14224,11.44,9.41,1.08,5.28,423
keepassxc,514,59,455,11.48,4830,362,4468,7.49,9.40,0.70,6.14,21
keras,1502,120,1382,7.99,11571,454,11117,3.92,7.70,0.30,3.78,29
kestra,209,87,122,41.63,6943,2115,4828,30.46,33.22,10.12,24.31,101
keycloak_keycloak,1807,695,1112,38.46,29377,12445,16932,42.36,16.26,6.89,17.91,3148
khoj,68,17,51,25.00,4897,974,3923,19.89,72.01,14.32,57.29,75
kickstart.nvim,170,5,165,2.94,354,8,346,2.26,2.08,0.05,1.60,3
kit,618,109,509,17.64,5939,2567,3372,43.22,9.61,4.15,23.55,191
kitty,387,22,365,5.68,16413,524,15889,3.19,42.41,1.35,23.82,11
kivy,712,96,616,13.48,13027,692,12335,5.31,18.30,0.97,7.21,38
koa,267,51,216,19.10,1261,372,889,29.50,4.72,1.39,7.29,8
kong,545,153,392,28.07,11228,1795,9433,15.99,20.60,3.29,11.73,1081
koodo-reader,33,26,7,78.79,1670,946,724,56.65,50.61,28.67,36.38,546
koreader,364,30,334,8.24,11267,212,11055,1.88,30.95,0.58,7.07,19
kotaemon,48,27,21,56.25,323,147,176,45.51,6.73,3.06,5.44,23
kotlin,1291,442,849,34.24,127626,9311,118315,7.30,98.86,7.21,21.07,514
kubernetes_kubernetes,5697,1592,4105,27.94,133160,16347,116813,12.28,23.37,2.87,10.27,2885
kubernetes_minikube,1112,344,768,30.94,26345,5283,21062,20.05,23.69,4.75,15.36,502
kuboard-press,21,7,14,33.33,976,152,824,15.57,46.48,7.24,21.71,125
ladybird,1570,270,1300,17.20,70754,1998,68756,2.82,45.07,1.27,7.40,283
langchain,3410,400,3010,11.73,13562,2813,10749,20.74,3.98,0.82,7.03,455
langflow-ai_langflow,367,171,196,46.59,16766,3608,13158,21.52,45.68,9.83,21.10,307
langgenius_dify,1042,372,670,35.70,7553,1825,5728,24.16,7.25,1.75,4.91,1747
laravel,863,147,716,17.03,7153,792,6361,11.07,8.29,0.92,5.39,18
laravel-debugbar,250,31,219,12.40,1267,171,1096,13.50,5.07,0.68,5.52,11
laurent22_joplin,769,94,675,12.22,13797,4994,8803,36.20,17.94,6.49,53.13,910
layui,88,22,66,25.00,2488,422,2066,16.96,28.27,4.80,19.18,340
lazygit,383,69,314,18.02,6616,774,5842,11.70,17.27,2.02,11.22,95
lede,636,55,581,8.65,7491,274,7217,3.66,11.78,0.43,4.98,53
leetcode,242,21,221,8.68,11005,362,10643,3.29,45.48,1.50,17.24,34
leptos,386,125,261,32.38,4857,1425,3432,29.34,12.58,3.69,11.40,418
lerna,380,127,253,33.42,2816,1354,1462,48.08,7.41,3.56,10.66,1223
lexical,538,84,454,15.61,4437,784,3653,17.67,8.25,1.46,9.33,172
libgdx,806,171,635,21.22,15526,2201,13325,14.18,19.26,2.73,12.87,182
libuv,671,23,648,3.43,5548,97,5451,1.75,8.27,0.14,4.22,11
linera-protocol,104,32,72,30.77,4385,1319,3066,30.08,42.16,12.68,41.22,342
linux-command,210,16,194,7.62,1452,255,1197,17.56,6.91,1.21,15.94,21
linux-insides,363,3,360,0.83,1929,5,1924,0.26,5.31,0.01,1.67,1
lit_lit,233,83,150,35.62,2612,1172,1440,44.87,11.21,5.03,14.12,372
live,7,4,3,57.14,2809,2744,65,97.69,401.29,392.00,686.00,4
livewire,592,122,470,20.61,4997,1185,3812,23.71,8.44,2.00,9.71,30
llama.cpp,1234,138,1096,11.18,5849,428,5421,7.32,4.74,0.35,3.10,76
llamafile,65,4,61,6.15,792,10,782,1.26,12.18,0.15,2.50,19
llm.c,87,14,73,16.09,1536,52,1484,3.39,17.66,0.60,3.71,3
llvm_llvm-project,8339,1163,7176,13.95,557915,7364,550551,1.32,66.90,0.88,6.33,641
lo,154,7,147,4.55,608,45,563,7.40,3.95,0.29,6.43,11
lobehub_lobe-chat,304,113,191,37.17,6659,4145,2514,62.25,21.90,13.63,36.68,1019
localsend,231,173,58,74.89,1762,1064,698,60.39,7.63,4.61,6.15,341
localstack,662,192,470,29.00,7112,2474,4638,34.79,10.74,3.74,12.89,276
locust,403,83,320,20.60,5980,781,5199,13.06,14.84,1.94,9.41,26
logseq,355,68,287,19.15,20882,1896,18986,9.08,58.82,5.34,27.88,128
luigi,672,87,585,12.95,4254,382,3872,8.98,6.33,0.57,4.39,10
lutzroeder_netron,1,1,0,100.00,9388,4788,4600,51.00,9388.00,4788.00,4788.00,82
lux,129,20,109,15.50,863,90,773,10.43,6.69,0.70,4.50,66
lvgl,687,51,636,7.42,11505,595,10910,5.17,16.75,0.87,11.67,60
lx-music-desktop,21,9,12,42.86,2447,1045,1402,42.71,116.52,49.76,116.11,167
magic-wormhole,81,16,65,19.75,2245,207,2038,9.22,27.72,2.56,12.94,9
mall,3,3,0,100.00,1060,162,898,15.28,353.33,54.00,54.00,42
manim,223,38,185,17.04,6344,248,6096,3.91,28.45,1.11,6.53,13
mantine,696,46,650,6.61,13506,1640,11866,12.14,19.41,2.36,35.65,722
marked,212,48,164,22.64,3593,1538,2055,42.81,16.95,7.25,32.04,18
marker,26,10,16,38.46,1173,438,735,37.34,45.12,16.85,43.80,16
markitdown,74,24,50,32.43,279,78,201,27.96,3.77,1.05,3.25,10
matomo-org_matomo,485,177,308,36.49,30549,5445,25104,17.82,62.99,11.23,30.76,4612
matplotlib,2043,157,1886,7.68,52815,2900,49915,5.49,25.85,1.42,18.47,54
maui,738,180,558,24.39,17111,4101,13010,23.97,23.19,5.56,22.78,445
maybe,128,46,82,35.94,1372,288,1084,20.99,10.72,2.25,6.26,222
mdBook,372,88,284,23.66,2701,719,1982,26.62,7.26,1.93,8.17,21
mdb-ui-kit,130,41,89,31.54,1483,334,1149,22.52,11.41,2.57,8.15,34
mdx,196,51,145,26.02,1760,1030,730,58.52,8.98,5.26,20.20,112
mediapipe,108,24,84,22.22,4745,323,4422,6.81,43.94,2.99,13.46,110
meilisearch,290,138,152,47.59,12022,3010,9012,25.04,41.46,10.38,21.81,175
mem0,210,72,138,34.29,1688,745,943,44.14,8.04,3.55,10.35,186
memos,323,151,172,46.75,3636,1116,2520,30.69,11.26,3.46,7.39,98
mermaid,821,237,584,28.87,12901,3843,9058,29.79,15.71,4.68,16.22,120
metabase_metabase,536,196,340,36.57,38659,4864,33795,12.58,72.12,9.07,24.82,1087
meteor_meteor,1060,208,852,19.62,40169,8551,31618,21.29,37.90,8.07,41.11,597
miaosha,17,9,8,52.94,257,82,175,31.91,15.12,4.82,9.11,93
micro,383,163,220,42.56,3387,486,2901,14.35,8.84,1.27,2.98,167
micropython,768,88,680,11.46,17612,560,17052,3.18,22.93,0.73,6.36,296
microsoft_TypeScript,1028,374,654,36.38,36611,6384,30227,17.44,35.61,6.21,17.07,140
microsoft_semantic-kernel,414,138,276,33.33,4778,1424,3354,29.80,11.54,3.44,10.32,680
mifi_lossless-cut,165,132,33,80.00,3156,1380,1776,43.73,19.13,8.36,10.45,90
milvus,427,165,262,38.64,22673,2882,19791,12.71,53.10,6.75,17.47,294
mimikatz,12,1,11,8.33,348,14,334,4.02,29.00,1.17,14.00,1
mindsdb,970,235,735,24.23,19502,3857,15645,19.78,20.11,3.98,16.41,132
minimind,7,2,5,28.57,214,8,206,3.74,30.57,1.14,4.00,6
minio,575,173,402,30.09,12503,1636,10867,13.08,21.74,2.85,9.46,200
mitmproxy,615,69,546,11.22,10974,1285,9689,11.71,17.84,2.09,18.62,77
mjml,207,54,153,26.09,2424,768,1656,31.68,11.71,3.71,14.22,52
mkdocs-material,348,104,244,29.89,6601,3019,3582,45.74,18.97,8.68,29.03,92
ml-agents,199,62,137,31.16,3532,750,2782,21.23,17.75,3.77,12.10,163
mlc-llm,159,20,139,12.58,1684,98,1586,5.82,10.59,0.62,4.90,67
mlflow_mlflow,939,206,733,21.94,9087,2165,6922,23.83,9.68,2.31,10.51,286
mlx,170,18,152,10.59,1306,86,1220,6.58,7.68,0.51,4.78,5
mobx,396,70,326,17.68,3339,832,2507,24.92,8.43,2.10,11.89,44
moby_moby,2942,509,2433,17.30,54503,6598,47905,12.11,18.53,2.24,12.96,526
mocha,625,125,500,20.00,3759,856,2903,22.77,6.01,1.37,6.85,56
modular,334,79,255,23.65,20760,408,20352,1.97,62.16,1.22,5.16,192
monaco-editor,358,101,257,28.21,3439,1549,1890,45.04,9.61,4.33,15.34,206
mongodb_mongo,1537,800,737,52.05,92629,11215,81414,12.11,60.27,7.30,14.02,2214
mongoose,1031,127,904,12.32,22696,4458,18238,19.64,22.01,4.32,35.10,58
monica,42,18,24,42.86,944,346,598,36.65,22.48,8.24,19.22,71
monolog,576,65,511,11.28,2832,309,2523,10.91,4.92,0.54,4.75,10
motion,146,44,102,30.14,6718,2180,4538,32.45,46.01,14.93,49.55,261
mpv,805,134,671,16.65,54148,4050,50098,7.48,67.26,5.03,30.22,20
mrdoob_three.js,2580,298,2282,11.55,46044,2676,43368,5.81,17.85,1.04,8.98,135
mui_material-ui,3465,569,2896,16.42,27406,9050,18356,33.02,7.91,2.61,15.91,3004
mybatis-3,310,172,138,55.48,5670,3410,2260,60.14,18.29,11.00,19.83,15
mypy,869,86,783,9.90,12655,443,12212,3.50,14.56,0.51,5.15,22
n,106,20,86,18.87,837,205,632,24.49,7.90,1.93,10.25,4
n8n-io_n8n,564,208,356,36.88,15980,6330,9650,39.61,28.33,11.22,30.43,2026
nacos,556,181,375,32.55,5449,1316,4133,24.15,9.80,2.37,7.27,97
nanoid,151,34,117,22.52,1144,639,505,55.86,7.58,4.23,18.79,10
ncnn,390,32,358,8.21,3586,411,3175,11.46,9.19,1.05,12.84,117
neon,215,133,82,61.86,8198,2183,6015,26.63,38.13,10.15,16.41,224
neovim,1478,103,1375,6.97,33044,1143,31901,3.46,22.36,0.77,11.10,69
netbox,501,104,397,20.76,13985,2176,11809,15.56,27.91,4.34,20.92,148
netdata_netdata,733,252,481,34.38,21097,3655,17442,17.32,28.78,4.99,14.50,1744
netty,908,183,725,20.15,13624,2807,10817,20.60,15.00,3.09,15.34,245
next-auth,918,139,779,15.14,3914,1435,2479,36.66,4.26,1.56,10.32,328
nginx,116,11,105,9.48,8429,573,7856,6.80,72.66,4.94,52.09,3
nginx-proxy,173,67,106,38.73,1530,575,955,37.58,8.84,3.32,8.58,11
nlohmann_json,365,49,316,13.42,4793,966,3827,20.15,13.13,2.65,19.71,48
nnn,245,16,229,6.53,4481,137,4344,3.06,18.29,0.56,8.56,10
nocodb_nocodb,397,141,256,35.52,38807,12565,26242,32.38,97.75,31.65,89.11,1147
node,15,5,10,33.33,57,30,27,52.63,3.80,2.00,6.00,16
node-red,311,135,176,43.41,9798,2350,7448,23.98,31.50,7.56,17.41,397
nodejs_node,4737,262,4475,5.53,45225,2800,42425,6.19,9.55,0.59,10.69,4075
notepad-plus-plus,499,319,180,63.93,6529,2512,4017,38.47,13.08,5.03,7.87,23
novuhq_novu,598,302,296,50.50,20623,7023,13600,34.05,34.49,11.74,23.25,907
nowinandroid,207,108,99,52.17,2829,1259,1570,44.50,13.67,6.08,11.66,100
nrwl_nx,1251,435,816,34.77,16080,6119,9961,38.05,12.85,4.89,14.07,3444
ntfy,338,183,155,54.14,3123,1008,2115,32.28,9.24,2.98,5.51,64
nuclei,272,84,188,30.88,5801,937,4864,16.15,21.33,3.44,11.15,55
numpy,2344,219,2125,9.34,39492,2714,36778,6.87,16.85,1.16,12.39,77
nushell,840,256,584,30.48,10415,2596,7819,24.93,12.40,3.09,10.14,195
nuxt,936,85,851,9.08,7867,2867,5000,36.44,8.40,3.06,33.73,301
nvm,421,39,382,9.26,2259,336,1923,14.87,5.37,0.80,8.62,12
nw.js,151,31,120,20.53,5513,580,4933,10.52,36.51,3.84,18.71,8
obsproject_obs-studio,831,355,476,42.72,15234,2440,12794,16.02,18.33,2.94,6.87,3207
oh-my-posh,495,256,239,51.72,4366,1319,3047,30.21,8.82,2.66,5.15,258
ohmyzsh,2777,23,2754,0.83,7544,97,7447,1.29,2.72,0.03,4.22,19
okhttp,356,61,295,17.13,5924,1203,4721,20.31,16.64,3.38,19.72,63
ollama_ollama,588,34,554,5.78,4842,387,4455,7.99,8.23,0.66,11.38,88
onlook,93,25,68,26.88,1249,415,834,33.23,13.43,4.46,16.60,178
onnx,401,65,336,16.21,3240,651,2589,20.09,8.08,1.62,10.02,58
open-interpreter,146,40,106,27.40,3066,669,2397,21.82,21.00,4.58,16.73,25
open-r1,46,14,32,30.43,198,42,156,21.21,4.30,0.91,3.00,39
open-webui_open-webui,773,370,403,47.87,13743,3445,10298,25.07,17.78,4.46,9.31,154
openai-python,143,19,124,13.29,1018,438,580,43.03,7.12,3.06,23.05,15
opencv,2455,164,2291,6.68,35331,932,34399,2.64,14.39,0.38,5.68,168
openjdk_jdk,2098,472,1626,22.50,85602,8897,76705,10.39,40.80,4.24,18.85,5465
openpilot,753,98,655,13.01,15408,1330,14078,8.63,20.46,1.77,13.57,90
openssl,1406,157,1249,11.17,37552,1323,36229,3.52,26.71,0.94,8.43,43
opentofu,2400,305,2095,12.71,32808,1897,30911,5.78,13.67,0.79,6.22,267
openui,19,8,11,42.11,203,99,104,48.77,10.68,5.21,12.38,29
openwrt,1662,94,1568,5.66,64786,538,64248,0.83,38.98,0.32,5.72,54
openzeppelin-contracts,509,71,438,13.95,3913,870,3043,22.23,7.69,1.71,12.25,36
osquery,542,76,466,14.02,6616,452,6164,6.83,12.21,0.83,5.95,22
outline,211,65,146,30.81,8034,2463,5571,30.66,38.08,11.67,37.89,80
oven-sh_bun,891,121,770,13.58,13831,1951,11880,14.11,15.52,2.19,16.12,382
p5.js,928,192,736,20.69,13721,1324,12397,9.65,14.79,1.43,6.90,62
pandas,4100,312,3788,7.61,36565,2114,34451,5.78,8.92,0.52,6.78,194
pandas-ai,118,48,70,40.68,1354,491,863,36.26,11.47,4.16,10.23,52
pandoc,671,71,600,10.58,18276,2037,16239,11.15,27.24,3.04,28.69,150
paperless-ngx,463,168,295,36.29,10318,2646,7672,25.64,22.29,5.71,15.75,143
parcel,454,183,271,40.31,3484,1465,2019,42.05,7.67,3.23,8.01,304
parse-server,381,94,287,24.67,4911,2533,2378,51.58,12.89,6.65,26.95,35
pathway,33,19,14,57.58,1441,266,1175,18.46,43.67,8.06,14.00,97
payloadcms_payload,512,109,403,21.29,14375,4428,9947,30.80,28.08,8.65,40.62,975
pdf.js,516,171,345,33.14,20951,4552,16399,21.73,40.60,8.82,26.62,307
peft,252,37,215,14.68,1354,201,1153,14.84,5.37,0.80,5.43,91
penpot,286,63,223,22.03,17914,1474,16440,8.23,62.64,5.15,23.40,321
phaserjs_phaser,724,85,639,11.74,20083,969,19114,4.82,27.74,1.34,11.40,1713
phoenix,1456,86,1370,5.91,8524,395,8129,4.63,5.85,0.27,4.59,19
photoprism_photoprism,206,56,150,27.18,12065,3008,9057,24.93,58.57,14.60,53.71,282
php-src,1654,177,1477,10.70,142135,2604,139531,1.83,85.93,1.57,14.71,122
phpunit,593,109,484,18.38,22947,5437,17510,23.69,38.70,9.17,49.88,27
pi-hole,297,65,232,21.89,6800,786,6014,11.56,22.90,2.65,12.09,15
pingcap_tidb,1145,291,854,25.41,27045,2166,24879,8.01,23.62,1.89,7.44,125
pingora,74,28,46,37.84,398,101,297,25.38,5.38,1.36,3.61,32
pipenv,575,70,505,12.17,9196,731,8465,7.95,15.99,1.27,10.44,41
pixijs,616,83,533,13.47,8439,1322,7117,15.67,13.70,2.15,15.93,172
plane,149,66,83,44.30,6033,858,5175,14.22,40.49,5.76,13.00,238
playwright,663,73,590,11.01,14863,3598,11265,24.21,22.42,5.43,49.29,178
plotly_dash,265,103,162,38.87,8735,2500,6235,28.62,32.96,9.43,24.27,131
pm2,354,82,272,23.16,5117,1404,3713,27.44,14.45,3.97,17.12,128
pnpm,355,154,201,43.38,9826,5961,3865,60.67,27.68,16.79,38.71,1574
pocketbase,44,5,39,11.36,1934,185,1749,9.57,43.95,4.20,37.00,9
podman,897,123,774,13.71,25595,3201,22394,12.51,28.53,3.57,26.02,325
poetry,647,119,528,18.39,3596,1112,2484,30.92,5.56,1.72,9.34,37
polars,645,147,498,22.79,12789,2540,10249,19.86,19.83,3.94,17.28,169
portainer,283,73,210,25.80,5212,903,4309,17.33,18.42,3.19,12.37,61
postcss,460,49,411,10.65,4157,1220,2937,29.35,9.04,2.65,24.90,10
postgres,61,28,33,45.90,61642,242,61400,0.39,1010.52,3.97,8.64,15
postgrest,244,52,192,21.31,4126,780,3346,18.90,16.91,3.20,15.00,35
postiz-app,61,24,37,39.34,1505,505,1000,33.55,24.67,8.28,21.04,138
powerlevel10k,332,8,324,2.41,4313,45,4268,1.04,12.99,0.14,5.62,25
preact,418,100,318,23.92,6015,1444,4571,24.01,14.39,3.45,14.44,52
prettier,802,236,566,29.43,10222,5134,5088,50.23,12.75,6.40,21.75,104
prisma,331,100,231,30.21,11719,6786,4933,57.91,35.40,20.50,67.86,562
prometheus,1336,337,999,25.22,15768,2733,13035,17.33,11.80,2.05,8.11,251
prophet,202,26,176,12.87,830,92,738,11.08,4.11,0.46,3.54,14
protobuf,1431,196,1235,13.70,21024,2412,18612,11.47,14.69,1.69,12.31,115
pulumi,383,196,187,51.17,13638,4782,8856,35.06,35.61,12.49,24.40,2073
puppeteer,561,80,481,14.26,5629,2694,2935,47.86,10.03,4.80,33.67,334
pure,82,26,56,31.71,992,493,499,49.70,12.10,6.01,18.96,11
puter,299,39,260,13.04,3695,325,3370,8.80,12.36,1.09,8.33,106
pydantic,648,99,549,15.28,3625,794,2831,21.90,5.59,1.23,8.02,62
pyenv,509,36,473,7.07,3453,158,3295,4.58,6.78,0.31,4.39,9
pyscript,133,33,100,24.81,1273,461,812,36.21,9.57,3.47,13.97,53
python-fire,71,10,61,14.08,344,41,303,11.92,4.85,0.58,4.10,5
python-telegram-bot,236,39,197,16.53,2973,489,2484,16.45,12.60,2.07,12.54,143
pytorch-lightning,1073,131,942,12.21,10685,1664,9021,15.57,9.96,1.55,12.70,147
pytorch_geometric,599,47,552,7.85,7839,594,7245,7.58,13.09,0.99,12.64,44
pytorch_pytorch,6199,945,5254,15.24,94521,9461,85060,10.01,15.25,1.53,10.01,585
qBittorrent,461,33,428,7.16,13368,564,12804,4.22,29.00,1.22,17.09,92
qinglong,66,18,48,27.27,1951,481,1470,24.65,29.56,7.29,26.72,27
qlib,166,61,105,36.75,2031,313,1718,15.41,12.23,1.89,5.13,108
quasarframework_quasar,808,134,674,16.58,15075,4079,10996,27.06,18.66,5.05,30.44,935
query,976,133,843,13.63,3870,1534,2336,39.64,3.97,1.57,11.53,457
quivr,125,41,84,32.80,2295,747,1548,32.55,18.36,5.98,18.22,319
qwik,662,199,463,30.06,4886,1579,3307,32.32,7.38,2.39,7.93,392
radare2,1317,138,1179,10.48,33656,1324,32332,3.93,25.56,1.01,9.59,71
rails,6946,427,6519,6.15,95261,2492,92769,2.62,13.71,0.36,5.84,122
rancher,517,275,242,53.19,13833,3442,10391,24.88,26.76,6.66,12.52,357
rapid7_metasploit-framework,1909,268,1641,14.04,78839,4468,74371,5.67,41.30,2.34,16.67,445
ray-project_ray,1500,399,1101,26.60,28237,4673,23564,16.55,18.82,3.12,11.71,1396
raylib,830,49,781,5.90,8274,582,7692,7.03,9.97,0.70,11.88,38
rclone_rclone,1072,86,986,8.02,9201,550,8651,5.98,8.58,0.51,6.40,1183
react,2096,292,1804,13.93,20672,3002,17670,14.52,9.86,1.43,10.28,503
react-admin,804,123,681,15.30,23008,2282,20726,9.92,28.62,2.84,18.55,129
react-bootstrap,562,70,492,12.46,4576,1521,3055,33.24,8.14,2.71,21.73,30
react-hook-form,372,63,309,16.94,3828,1173,2655,30.64,10.29,3.15,18.62,52
react-native,4144,568,3576,13.71,37309,3986,33323,10.68,9.00,0.96,7.02,305
react-native-vector-icons,166,38,128,22.89,1320,755,565,57.20,7.95,4.55,19.87,379
react-native-web,226,26,200,11.50,2007,659,1348,32.84,8.88,2.92,25.35,30
react-navigation,339,40,299,11.80,3245,999,2246,30.79,9.57,2.95,24.98,141
react-redux,313,67,246,21.41,1545,553,992,35.79,4.94,1.77,8.25,39
react-router,1224,492,732,40.20,9810,3206,6604,32.68,8.01,2.62,6.52,292
react-scan,38,12,26,31.58,686,222,464,32.36,18.05,5.84,18.50,40
react-spring,206,44,162,21.36,3548,1073,2475,30.24,17.22,5.21,24.39,175
react-testing-library,185,40,145,21.62,533,155,378,29.08,2.88,0.84,3.88,8
react-three-fiber,253,49,204,19.37,2772,893,1879,32.22,10.96,3.53,18.22,25
recharts,392,109,283,27.81,3834,1398,2436,36.46,9.78,3.57,12.83,16
recommenders,190,60,130,31.58,9242,1503,7739,16.26,48.64,7.91,25.05,114
redash,570,154,416,27.02,7899,1300,6599,16.46,13.86,2.28,8.44,147
redis,937,173,764,18.46,12663,846,11817,6.68,13.51,0.90,4.89,441
redisson,267,48,219,17.98,10704,1944,8760,18.16,40.09,7.28,40.50,100
redoc,243,81,162,33.33,2624,1014,1610,38.64,10.80,4.17,12.52,55
reduxjs_redux,1082,127,955,11.74,4105,714,3391,17.39,3.79,0.66,5.62,52
refined-github,418,68,350,16.27,4265,810,3455,18.99,10.20,1.94,11.91,40
refinedev_refine,338,76,262,22.49,7256,3230,4026,44.51,21.47,9.56,42.50,2236
reflex,183,38,145,20.77,2626,452,2174,17.21,14.35,2.47,11.89,39
relay,1039,316,723,30.41,10565,1920,8645,18.17,10.17,1.85,6.08,251
rembg,75,9,66,12.00,475,85,390,17.89,6.33,1.13,9.44,12
remix,775,749,26,96.65,6263,3061,3202,48.87,8.08,3.95,4.09,629
remotion-dev_remotion,367,95,272,25.89,27266,5864,21402,21.51,74.29,15.98,61.73,383
requests,803,55,748,6.85,6363,331,6032,5.20,7.92,0.41,6.02,20
restic,474,34,440,7.17,8976,530,8446,5.90,18.94,1.12,15.59,328
retrofit,225,69,156,30.67,2550,1063,1487,41.69,11.33,4.72,15.41,83
reveal.js,377,43,334,11.41,3212,270,2942,8.41,8.52,0.72,6.28,9
rich,301,50,251,16.61,4279,817,3462,19.09,14.22,2.71,16.34,195
ripgrep,427,59,368,13.82,2058,583,1475,28.33,4.82,1.37,9.88,41
robertdavidgraham_masscan,89,14,75,15.73,864,40,824,4.63,9.71,0.45,2.86,1
rocketmq,800,185,615,23.12,8850,1612,7238,18.21,11.06,2.02,8.71,90
rocksdb,1197,83,1114,6.93,13337,379,12958,2.84,11.14,0.32,4.57,52
rollup,443,111,332,25.06,5969,1858,4111,31.13,13.47,4.19,16.74,79
rrweb,152,30,122,19.74,1288,503,785,39.05,8.47,3.31,16.77,83
ruby,1241,124,1117,9.99,92760,2790,89970,3.01,74.75,2.25,22.50,527
ruff,723,276,447,38.17,11520,3017,8503,26.19,15.93,4.17,10.93,165
rufus,238,3,235,1.26,2265,127,2138,5.61,9.52,0.53,42.33,12
ruoyi-vue-pro,403,138,265,34.24,9541,2598,6943,27.23,23.67,6.45,18.83,379
rust-lang_rust,8718,1454,7264,16.68,307974,24497,283477,7.95,35.33,2.81,16.85,1328
rustdesk,445,100,345,22.47,10767,1795,8972,16.67,24.20,4.03,17.95,132
saleor,390,182,208,46.67,22024,3672,18352,16.67,56.47,9.42,20.18,88
sanic,414,63,351,15.22,2929,342,2587,11.68,7.07,0.83,5.43,44
scikit-learn,3540,136,3404,3.84,32608,925,31683,2.84,9.21,0.26,6.80,75
scrapy,767,159,608,20.73,10858,1669,9189,15.37,14.16,2.18,10.50,28
scrcpy,170,8,162,4.71,2839,43,2796,1.51,16.70,0.25,5.38,5
screenshot-to-code,28,11,17,39.29,898,116,782,12.92,32.07,4.14,10.55,15
searxng_searxng,379,209,170,55.15,9027,2512,6515,27.83,23.82,6.63,12.02,74
seaweedfs,499,171,328,34.27,11866,1636,10230,13.79,23.78,3.28,9.57,277
semantic-release,260,48,212,18.46,1804,1096,708,60.75,6.94,4.22,22.83,17
sequelize,1296,143,1153,11.03,11565,3156,8409,27.29,8.92,2.44,22.07,100
serenity,1498,237,1261,15.82,65412,1435,63977,2.19,43.67,0.96,6.05,232
serve,222,60,162,27.03,8644,1753,6891,20.28,38.94,7.90,29.22,211
serverless,1287,284,1003,22.07,16134,3506,12628,21.73,12.54,2.72,12.35,874
servers,726,182,544,25.07,2880,518,2362,17.99,3.97,0.71,2.85,73
servo_servo,1742,779,963,44.72,53190,15057,38133,28.31,30.53,8.64,19.33,285
setup,94,3,91,3.19,1182,5,1177,0.42,12.57,0.05,1.67,2
setup-ipsec-vpn,33,8,25,24.24,1451,183,1268,12.61,43.97,5.55,22.88,8
shadPS4,205,41,164,20.00,3157,168,2989,5.32,15.40,0.82,4.10,25
shadowsocks-android,64,35,29,54.69,3733,1333,2400,35.71,58.33,20.83,38.09,28
shap,302,48,254,15.89,2853,516,2337,18.09,9.45,1.71,10.75,20
shardeum,93,61,32,65.59,1935,659,1276,34.06,20.81,7.09,10.80,44
sharp,239,80,159,33.47,2261,912,1349,40.34,9.46,3.82,11.40,39
shellcheck,176,30,146,17.05,2089,128,1961,6.13,11.87,0.73,4.27,14
sherlock,301,224,77,74.42,2585,1762,823,68.16,8.59,5.85,7.87,29
signalapp_Signal-Android,423,196,227,46.34,17727,5858,11869,33.05,41.91,13.85,29.89,132
signoz,206,92,114,44.66,4844,1246,3598,25.72,23.51,6.05,13.54,336
simdjson,163,15,148,9.20,2921,143,2778,4.90,17.92,0.88,9.53,176
simple-icons,863,711,152,82.39,7461,5301,2160,71.05,8.65,6.14,7.46,51
sing-box,98,15,83,15.31,1882,260,1622,13.82,19.20,2.65,17.33,19
siyuan,97,40,57,41.24,18281,2251,16030,12.31,188.46,23.21,56.27,65
skywalking,603,301,302,49.92,8324,3118,5206,37.46,13.80,5.17,10.36,1185
slate,629,95,534,15.10,4272,1233,3039,28.86,6.79,1.96,12.98,159
slick,191,27,164,14.14,970,107,863,11.03,5.08,0.56,3.96,6
slidev,312,54,258,17.31,2782,1104,1678,39.68,8.92,3.54,20.44,59
slim,78,15,63,19.23,1108,147,961,13.27,14.21,1.88,9.80,204
slint,235,72,163,30.64,14306,3162,11144,22.10,60.88,13.46,43.92,331
smolagents,172,33,139,19.19,893,185,708,20.72,5.19,1.08,5.61,20
socket.io,585,173,412,29.57,7611,2710,4901,35.61,13.01,4.63,15.66,231
solid,190,36,154,18.95,1834,894,940,48.75,9.65,4.71,24.83,66
solidity,889,128,761,14.40,25664,2979,22685,11.61,28.87,3.35,23.27,31
sops,196,45,151,22.96,2152,533,1619,24.77,10.98,2.72,11.84,1576
source-code-hunter,52,8,44,15.38,630,28,602,4.44,12.12,0.54,3.50,8
spacedrive,145,67,78,46.21,3540,1409,2131,39.80,24.41,9.72,21.03,303
spacemacs,1664,14,1650,0.84,13425,128,13297,0.95,8.07,0.08,9.14,12
spdlog,455,20,435,4.40,4432,230,4202,5.19,9.74,0.51,11.50,12
spleeter,28,16,12,57.14,540,195,345,36.11,19.29,6.96,12.19,24
spotube,96,27,69,28.12,1948,936,1012,48.05,20.29,9.75,34.67,89
spring-cloud-alibaba,266,126,140,47.37,2592,1150,1442,44.37,9.74,4.32,9.13,460
spring-framework,1264,111,1153,8.78,33144,2756,30388,8.32,26.22,2.18,24.83,115
spring-projects_spring-boot,1574,338,1236,21.47,57955,13625,44330,23.51,36.82,8.66,40.31,1115
sqlitebrowser,227,32,195,14.10,4189,258,3931,6.16,18.45,1.14,8.06,30
sqlmap,154,28,126,18.18,10293,4295,5998,41.73,66.84,27.89,153.39,6
srs,168,48,120,28.57,8740,1117,7623,12.78,52.02,6.65,23.27,141
sst,222,44,178,19.82,3549,664,2885,18.71,15.99,2.99,15.09,699
stanford-oval_storm,29,6,23,20.69,238,22,216,9.24,8.21,0.76,3.67,104
starship,637,193,444,30.30,3829,2327,1502,60.77,6.01,3.65,12.06,75
stats,181,6,175,3.31,2115,87,2028,4.11,11.69,0.48,14.50,106
statsd,267,37,230,13.86,1040,121,919,11.63,3.90,0.45,3.27,7
stb,234,5,229,2.14,2210,12,2198,0.54,9.44,0.05,2.40,3
storybookjs_storybook,2658,910,1748,34.24,72978,28764,44214,39.41,27.46,10.82,31.61,1384
strapi_strapi,1349,618,731,45.81,36443,12999,23444,35.67,27.01,9.64,21.03,2360
streamlit,317,83,234,26.18,7980,1700,6280,21.30,25.17,5.36,20.48,173
styled-components,421,151,270,35.87,3654,1244,2410,34.04,8.68,2.95,8.24,41
subquery_subql,69,55,14,79.71,2985,1954,1031,65.46,43.26,28.32,35.53,1267
supabase_supabase,1808,463,1345,25.61,33001,7664,25337,23.22,18.25,4.24,16.55,1247
supervision,145,52,93,35.86,4395,932,3463,21.21,30.31,6.43,17.92,24
surrealdb,162,55,107,33.95,3861,775,3086,20.07,23.83,4.78,14.09,87
surya,15,6,9,40.00,707,391,316,55.30,47.13,26.07,65.17,9
svelte,896,191,705,21.32,10337,2699,7638,26.11,11.54,3.01,14.13,602
svgo,238,53,185,22.27,1580,469,1111,29.68,6.64,1.97,8.85,16
swagger-ui,653,155,498,23.74,6745,2927,3818,43.40,10.33,4.48,18.88,48
sway,163,91,72,55.83,3400,1644,1756,48.35,20.86,10.09,18.07,225
swc-project_swc,385,157,228,40.78,11287,7369,3918,65.29,29.32,19.14,46.94,683
sweetalert2,137,28,109,20.44,3335,1314,2021,39.40,24.34,9.59,46.93,31
swiftlang_swift,1852,404,1448,21.81,194067,6553,187514,3.38,104.79,3.54,16.22,60
swiper,361,42,319,11.63,3758,839,2919,22.33,10.41,2.32,19.98,87
swoole-src,267,54,213,20.22,13102,721,12381,5.50,49.07,2.70,13.35,32
swr,203,51,152,25.12,912,374,538,41.01,4.49,1.84,7.33,52
syncthing,410,57,353,13.90,7841,1226,6615,15.64,19.12,2.99,21.51,247
tabby,124,56,68,45.16,3673,1144,2529,31.15,29.62,9.23,20.43,323
table,485,104,381,21.44,2505,1099,1406,43.87,5.16,2.27,10.57,652
tabler,165,64,101,38.79,3012,1387,1625,46.05,18.25,8.41,21.67,431
tabler-icons,86,23,63,26.74,1908,482,1426,25.26,22.19,5.60,20.96,52
taichi,292,73,219,25.00,10886,756,10130,6.94,37.28,2.59,10.36,73
tailscale,359,81,278,22.56,9295,498,8797,5.36,25.89,1.39,6.15,99
tailwindcss,332,56,276,16.87,6316,1363,4953,21.58,19.02,4.11,24.34,134
taipy,127,79,48,62.20,7505,1751,5754,23.33,59.09,13.79,22.16,223
tauri,510,188,322,36.86,5544,2931,2613,52.87,10.87,5.75,15.59,626
tdesktop,245,32,213,13.06,20215,1758,18457,8.70,82.51,7.18,54.94,40
teable,48,34,14,70.83,1453,523,930,35.99,30.27,10.90,15.38,314
teambit_bit,112,55,57,49.11,15589,4501,11088,28.87,139.19,40.19,81.84,143
telescope.nvim,449,12,437,2.67,1465,45,1420,3.07,3.26,0.10,3.75,8
tensorflow,4982,691,4291,13.87,181516,3294,178222,1.81,36.43,0.66,4.77,353
terminal,472,111,361,23.52,4618,713,3905,15.44,9.78,1.51,6.42,118
termux-app,96,31,65,32.29,1483,367,1116,24.75,15.45,3.82,11.84,23
terraform,2387,289,2098,12.11,34411,2023,32388,5.88,14.42,0.85,7.00,349
tesseract,269,34,235,12.64,6559,642,5917,9.79,24.38,2.39,18.88,31
tesseract.js,92,23,69,25.00,836,281,555,33.61,9.09,3.05,12.22,9
testify,339,37,302,10.91,1249,109,1140,8.73,3.68,0.32,2.95,9
text-generation-webui,393,76,317,19.34,4749,530,4219,11.16,12.08,1.35,6.97,273
textual,189,27,162,14.29,12122,1197,10925,9.87,64.14,6.33,44.33,23
the-swift-programming-language-in-chinese,420,36,384,8.57,12035,382,11653,3.17,28.65,0.91,10.61,62
theia,460,162,298,35.22,7841,1685,6156,21.49,17.05,3.66,10.40,606
timescaledb,151,55,96,36.42,5679,737,4942,12.98,37.61,4.88,13.40,48
timqian_chinese-independent-blogs,1422,16,1406,1.13,3738,860,2878,23.01,2.63,0.60,53.75,1414
tinygrad,447,82,365,18.34,9487,978,8509,10.31,21.22,2.19,11.93,38
tiptap,460,68,392,14.78,7151,2475,4676,34.61,15.55,5.38,36.40,248
tldraw_tldraw,215,85,130,39.53,4856,1621,3235,33.38,22.59,7.54,19.07,1139
tmux,54,3,51,5.56,10556,77,10479,0.73,195.48,1.43,25.67,5
toeverything_AFFiNE,275,146,129,53.09,10784,3794,6990,35.18,39.21,13.80,25.99,1291
tokio,980,202,778,20.61,4147,1210,2937,29.18,4.23,1.23,5.99,79
toml,204,20,184,9.80,867,56,811,6.46,4.25,0.27,2.80,4
tornado,492,38,454,7.72,4905,498,4407,10.15,9.97,1.01,13.11,25
traefik,1000,332,668,33.20,5590,2056,3534,36.78,5.59,2.06,6.19,1166
transformers,3428,375,3053,10.94,19364,1803,17561,9.31,5.65,0.53,4.81,130
tree-sitter_tree-sitter,363,75,288,20.66,6004,1070,4934,17.82,16.54,2.95,14.27,98
trivy,507,133,374,26.23,3629,901,2728,24.83,7.16,1.78,6.77,90
trix,90,24,66,26.67,3084,201,2883,6.52,34.27,2.23,8.38,9
trpc,496,95,401,19.15,4635,1905,2730,41.10,9.34,3.84,20.05,401
trufflehog,187,39,148,20.86,4098,206,3892,5.03,21.91,1.10,5.28,111
twenty,492,101,391,20.53,7204,1042,6162,14.46,14.64,2.12,10.32,491
typeorm,1214,149,1065,12.27,5559,1013,4546,18.22,4.58,0.83,6.80,53
typescript-go,62,14,48,22.58,921,128,793,13.90,14.85,2.06,9.14,31
typesense,63,20,43,31.75,4573,273,4300,5.97,72.59,4.33,13.65,13
typst,381,83,298,21.78,3758,579,3179,15.41,9.86,1.52,6.98,67
uWebSockets,62,5,57,8.06,1152,38,1114,3.30,18.58,0.61,7.60,4
ui,293,82,211,27.99,813,338,475,41.57,2.77,1.15,4.12,2534
uikit,53,13,40,24.53,7090,1386,5704,19.55,133.77,26.15,106.62,13
ultralytics,301,62,239,20.60,2796,924,1872,33.05,9.29,3.07,14.90,241
umami-software_umami,382,234,148,61.26,5049,2065,2984,40.90,13.22,5.41,8.82,436
ungoogled-chromium,122,28,94,22.95,2304,306,1998,13.28,18.89,2.51,10.93,91
uni-app,63,31,32,49.21,9367,2223,7144,23.73,148.68,35.29,71.71,364
unilm,102,27,75,26.47,1240,63,1177,5.08,12.16,0.62,2.33,914
unionlabs_union,57,40,17,70.18,15641,4692,10949,30.00,274.40,82.32,117.30,3548
unleashed-firmware,464,80,384,17.24,7691,581,7110,7.55,16.58,1.25,7.26,62
unocss,414,90,324,21.74,3317,1187,2130,35.79,8.01,2.87,13.19,258
unsloth,73,10,63,13.70,1410,182,1228,12.91,19.32,2.49,18.20,3
uppy,489,77,412,15.75,10237,2492,7745,24.34,20.93,5.10,32.36,449
upscayl,55,38,17,69.09,1103,455,648,41.25,20.05,8.27,11.97,54
uptime-kuma,869,534,335,61.45,5842,2146,3696,36.73,6.72,2.47,4.02,125
uv,408,100,308,24.51,6789,1855,4934,27.32,16.64,4.55,18.55,206
v,946,97,849,10.25,20083,1128,18955,5.62,21.23,1.19,11.63,91
v2ray-core,202,45,157,22.28,6786,575,6211,8.47,33.59,2.85,12.78,44
v2rayN,111,16,95,14.41,2162,75,2087,3.47,19.48,0.68,4.69,20
v2rayNG,69,49,20,71.01,1084,544,540,50.18,15.71,7.88,11.10,10
v8,1336,137,1199,10.25,95896,853,95043,0.89,71.78,0.64,6.23,35
v86,115,18,97,15.65,4838,137,4701,2.83,42.07,1.19,7.61,23
vagrant,1332,182,1150,13.66,17023,1816,15207,10.67,12.78,1.36,9.98,61
validator,258,12,246,4.65,1114,54,1060,4.85,4.32,0.21,4.50,6
validator.js,584,38,546,6.51,2322,379,1943,16.32,3.98,0.65,9.97,11
valkey,1008,211,797,20.93,13194,983,12211,7.45,13.09,0.98,4.66,460
vanna,100,36,64,36.00,878,326,552,37.13,8.78,3.26,9.06,19
vant,411,55,356,13.38,10297,2626,7671,25.50,25.05,6.39,47.75,125
vant-weapp,209,52,157,24.88,2819,704,2115,24.97,13.49,3.37,13.54,420
vapor,304,37,267,12.17,5861,431,5430,7.35,19.28,1.42,11.65,32
vault,1656,261,1395,15.76,21491,2025,19466,9.42,12.98,1.22,7.76,505
vaultwarden,187,56,131,29.95,2856,842,2014,29.48,15.27,4.50,15.04,56
vectordotdev_vector,641,263,378,41.03,13080,6204,6876,47.43,20.41,9.68,23.59,869
vercel_next.js,4039,1256,2783,31.10,31283,11932,19351,38.14,7.75,2.95,9.50,1926
vercel_turborepo,609,186,423,30.54,8183,3726,4457,45.53,13.44,6.12,20.03,1350
video.js,604,212,392,35.10,4185,1385,2800,33.09,6.93,2.29,6.53,73
vim,670,35,635,5.22,21685,345,21340,1.59,32.37,0.51,9.86,28
vim-airline,384,9,375,2.34,2773,40,2733,1.44,7.22,0.10,4.44,3
vimium,218,32,186,14.68,5282,342,4940,6.47,24.23,1.57,10.69,5
viper,201,22,179,10.95,868,223,645,25.69,4.32,1.11,10.14,21
vite,1207,254,953,21.04,7873,2510,5363,31.88,6.52,2.08,9.88,515
vitess,621,261,360,42.03,34793,4351,30442,12.51,56.03,7.01,16.67,493
vllm,1251,189,1062,15.11,7350,797,6553,10.84,5.88,0.64,4.22,561
vnpy,173,48,125,27.75,6844,630,6214,9.21,39.56,3.64,13.12,349
voice-changer,29,13,16,44.83,1748,516,1232,29.52,60.28,17.79,39.69,172
void,64,31,33,48.44,2760,523,2237,18.95,43.12,8.17,16.87,687
vscodium,138,29,109,21.01,1651,811,840,49.12,11.96,5.88,27.97,34
vue-admin-better,23,15,8,65.22,851,389,462,45.71,37.00,16.91,25.93,14
vue-pure-admin,83,24,59,28.92,1457,671,786,46.05,17.55,8.08,27.96,519
vue-vben-admin,119,37,82,31.09,1014,451,563,44.48,8.52,3.79,12.19,293
vue2-elm,24,7,17,29.17,512,30,482,5.86,21.33,1.25,4.29,6
vuetify,1160,279,881,24.05,16885,3847,13038,22.78,14.56,3.32,13.79,6556
vueuse,817,82,735,10.04,3608,1100,2508,30.49,4.42,1.35,13.41,57
vulhub,86,50,36,58.14,2462,1681,781,68.28,28.63,19.55,33.62,982
wagtail,1116,138,978,12.37,19019,1280,17739,6.73,17.04,1.15,9.28,41
wails,333,45,288,13.51,3851,644,3207,16.72,11.56,1.93,14.31,1104
wasmer,275,126,149,45.82,19730,5507,14223,27.91,71.75,20.03,43.71,172
web-check,32,8,24,25.00,542,149,393,27.49,16.94,4.66,18.62,20
webpack,1030,281,749,27.28,17822,4248,13574,23.84,17.30,4.12,15.12,107
webtorrent,226,56,170,24.78,3717,1779,1938,47.86,16.45,7.87,31.77,20
wechat-app-mall,32,8,24,25.00,662,226,436,34.14,20.69,7.06,28.25,201
wechaty,79,37,42,46.84,7103,4233,2870,59.59,89.91,53.58,114.41,25
wekan_wekan,380,185,195,48.68,12670,4821,7849,38.05,33.34,12.69,26.06,575
weui,48,25,23,52.08,725,173,552,23.86,15.10,3.60,6.92,4
wezterm,445,78,367,17.53,8529,1588,6941,18.62,19.17,3.57,20.36,734
wg-easy,98,56,42,57.14,1230,758,472,61.63,12.55,7.73,13.54,53
whisper,80,9,71,11.25,166,28,138,16.87,2.08,0.35,3.11,13
whisper.cpp,619,37,582,5.98,2852,159,2693,5.58,4.61,0.26,4.30,30
wiki,228,78,150,34.21,2158,752,1406,34.85,9.46,3.30,9.64,331
windows,23,12,11,52.17,432,201,231,46.53,18.78,8.74,16.75,18
windows95,21,7,14,33.33,226,88,138,38.94,10.76,4.19,12.57,7
winget-cli,133,47,86,35.34,1463,445,1018,30.42,11.00,3.35,9.47,206
winutil,106,71,35,66.98,921,373,548,40.50,8.69,3.52,5.25,33
withastro_astro,1293,315,978,24.36,12225,4766,7459,38.99,9.45,3.69,15.13,567
ws,217,32,185,14.75,1927,557,1370,28.91,8.88,2.57,17.41,18
x64dbg,187,16,171,8.56,5640,63,5577,1.12,30.16,0.34,3.94,11
xbmc,1384,494,890,35.69,68678,7532,61146,10.97,49.62,5.44,15.25,144
xgboost,725,80,645,11.03,7469,804,6665,10.76,10.30,1.11,10.05,47
xstate,409,68,341,16.63,6811,1639,5172,24.06,16.65,4.01,24.10,341
xterm.js,404,104,300,25.74,9997,2117,7880,21.18,24.75,5.24,20.36,179
xxl-job,106,31,75,29.25,1880,535,1345,28.46,17.74,5.05,17.26,80
xyflow,142,36,106,25.35,5680,2189,3491,38.54,40.00,15.42,60.81,117
yabai,6,2,4,33.33,1645,7,1638,0.43,274.17,1.17,3.50,2
yazi,148,87,61,58.78,1140,513,627,45.00,7.70,3.47,5.90,65
yew,471,115,356,24.42,2680,913,1767,34.07,5.69,1.94,7.94,363
yfinance,153,21,132,13.73,1592,218,1374,13.69,10.41,1.42,10.38,14
yjs,130,13,117,10.00,1963,637,1326,32.45,15.10,4.90,49.00,92
yoga,334,61,273,18.26,2598,321,2277,12.36,7.78,0.96,5.26,102
yolov5,358,35,323,9.78,2905,522,2383,17.97,8.11,1.46,14.91,96
you-get,290,11,279,3.79,2600,85,2515,3.27,8.97,0.29,7.73,3
youtube-dl,1058,27,1031,2.55,18934,234,18700,1.24,17.90,0.22,8.67,4
youtube-music,458,368,90,80.35,4452,2779,1673,62.42,9.72,6.07,7.55,70
yt-dlp,1717,64,1653,3.73,23248,550,22698,2.37,13.54,0.32,8.59,38
yup,173,23,150,13.29,793,305,488,38.46,4.58,1.76,13.26,10
zap,164,26,138,15.85,698,88,610,12.61,4.26,0.54,3.38,8
zed-industries_zed,1358,545,813,40.13,32032,8206,23826,25.62,23.59,6.04,15.06,1004
zellij-org_zellij,183,62,121,33.88,3073,725,2348,23.59,16.79,3.96,11.69,137
zig,1458,38,1420,2.61,34124,334,33790,0.98,23.40,0.23,8.79,21
zod,421,41,380,9.74,2502,740,1762,29.58,5.94,1.76,18.05,68
zoxide,95,21,74,22.11,556,189,367,33.99,5.85,1.99,9.00,21
zstd,437,54,383,12.36,11337,694,10643,6.12,25.94,1.59,12.85,22
zulip_zulip,1483,434,1049,29.27,67002,6551,60451,9.78,45.18,4.42,15.09,2398
zustand,315,49,266,15.56,1227,441,786,35.94,3.90,1.40,9.00,29
zx,65,21,44,32.31,891,426,465,47.81,13.71,6.55,20.29,20
zxing,181,54,127,29.83,3824,1321,2503,34.54,21.13,7.30,24.46,31
